-- MySQL dump 10.11
--
-- Host: localhost    Database: wildflower
-- ------------------------------------------------------
-- Server version	5.0.51a-log

/*!40101 SET @OLD_CHARACTER_SET_CLIENT=@@CHARACTER_SET_CLIENT */;
/*!40101 SET @OLD_CHARACTER_SET_RESULTS=@@CHARACTER_SET_RESULTS */;
/*!40101 SET @OLD_COLLATION_CONNECTION=@@COLLATION_CONNECTION */;
/*!40101 SET NAMES utf8 */;
/*!40103 SET @OLD_TIME_ZONE=@@TIME_ZONE */;
/*!40103 SET TIME_ZONE='+00:00' */;
/*!40014 SET @OLD_UNIQUE_CHECKS=@@UNIQUE_CHECKS, UNIQUE_CHECKS=0 */;
/*!40014 SET @OLD_FOREIGN_KEY_CHECKS=@@FOREIGN_KEY_CHECKS, FOREIGN_KEY_CHECKS=0 */;
/*!40101 SET @OLD_SQL_MODE=@@SQL_MODE, SQL_MODE='NO_AUTO_VALUE_ON_ZERO' */;
/*!40111 SET @OLD_SQL_NOTES=@@SQL_NOTES, SQL_NOTES=0 */;

--
-- Table structure for table `categories`
--

DROP TABLE IF EXISTS `categories`;
SET @saved_cs_client     = @@character_set_client;
SET character_set_client = utf8;
CREATE TABLE `categories` (
  `id` int(11) NOT NULL auto_increment,
  `parent_id` int(11) default NULL,
  `lft` int(11) default NULL,
  `rght` int(11) default NULL,
  `slug` varchar(255) collate utf8_unicode_ci NOT NULL,
  `title` varchar(255) collate utf8_unicode_ci NOT NULL,
  `description` varchar(255) collate utf8_unicode_ci default NULL,
  PRIMARY KEY  (`id`),
  UNIQUE KEY `slug` (`slug`),
  KEY `parent_id` (`parent_id`),
  KEY `tree_left` (`lft`),
  KEY `tree_right` (`rght`)
) ENGINE=MyISAM AUTO_INCREMENT=49 DEFAULT CHARSET=utf8 COLLATE=utf8_unicode_ci;
SET character_set_client = @saved_cs_client;

--
-- Dumping data for table `categories`
--

LOCK TABLES `categories` WRITE;
/*!40000 ALTER TABLE `categories` DISABLE KEYS */;
INSERT INTO `categories` VALUES (1,NULL,1,6,'php5','PHP5',''),(2,NULL,9,14,'rails','Rails',''),(45,NULL,23,24,'tinymce','TinyMCE',NULL),(4,NULL,7,8,'no-meaning','No meaning','For posts without meaning.'),(21,NULL,15,16,'really-new-caegory-very-very-loooong','Really new caegory, very very loooong','123dasjjj'),(14,1,2,5,'personal-develompent','Personal Development',''),(46,NULL,25,26,'javascript','Javascript',NULL),(26,NULL,17,18,'todo-1','TODO',NULL),(27,2,10,11,'rails-3','Rails 3',NULL),(43,2,12,13,'merb','Merb',NULL),(44,NULL,19,22,'cakephp','CakePHP',NULL),(48,NULL,27,28,'klevo','klevo',NULL),(40,14,3,4,'steve-pavlina','Steve Pavlina',NULL),(47,44,20,21,'wildflower','Wildflower',NULL);
/*!40000 ALTER TABLE `categories` ENABLE KEYS */;
UNLOCK TABLES;

--
-- Table structure for table `categories_posts`
--

DROP TABLE IF EXISTS `categories_posts`;
SET @saved_cs_client     = @@character_set_client;
SET character_set_client = utf8;
CREATE TABLE `categories_posts` (
  `category_id` int(11) NOT NULL,
  `post_id` int(11) NOT NULL,
  KEY `category_id` (`category_id`,`post_id`)
) ENGINE=MyISAM DEFAULT CHARSET=utf8 COLLATE=utf8_unicode_ci;
SET character_set_client = @saved_cs_client;

--
-- Dumping data for table `categories_posts`
--

LOCK TABLES `categories_posts` WRITE;
/*!40000 ALTER TABLE `categories_posts` DISABLE KEYS */;
INSERT INTO `categories_posts` VALUES (21,38),(26,19),(26,21),(26,22),(26,38),(26,46),(44,19),(44,36),(44,38),(44,46),(46,28),(47,28),(48,46);
/*!40000 ALTER TABLE `categories_posts` ENABLE KEYS */;
UNLOCK TABLES;

--
-- Table structure for table `messages`
--

DROP TABLE IF EXISTS `messages`;
SET @saved_cs_client     = @@character_set_client;
SET character_set_client = utf8;
CREATE TABLE `messages` (
  `id` int(11) NOT NULL auto_increment,
  `name` varchar(100) collate utf8_unicode_ci NOT NULL,
  `email` varchar(100) collate utf8_unicode_ci NOT NULL,
  `phone` varchar(100) collate utf8_unicode_ci NOT NULL,
  `content` text collate utf8_unicode_ci,
  `created` datetime NOT NULL,
  `updated` datetime NOT NULL,
  `subject` varchar(255) collate utf8_unicode_ci default NULL,
  PRIMARY KEY  (`id`)
) ENGINE=MyISAM AUTO_INCREMENT=4 DEFAULT CHARSET=utf8 COLLATE=utf8_unicode_ci COMMENT='Stores all contact form communication';
SET character_set_client = @saved_cs_client;

--
-- Dumping data for table `messages`
--

LOCK TABLES `messages` WRITE;
/*!40000 ALTER TABLE `messages` DISABLE KEYS */;
INSERT INTO `messages` VALUES (3,'pajtas','pajtas@klevo.sk','432423523','Let\'s say we have an application that writes a number of files to disk and that it is appropriate to report write errors to the user. We don\'t want to add code for this all over the different parts of our application, so this is a great case for using a new error type.','2008-09-21 10:29:02','2008-09-21 10:29:05','CakePHP error handling');
/*!40000 ALTER TABLE `messages` ENABLE KEYS */;
UNLOCK TABLES;

--
-- Table structure for table `pages`
--

DROP TABLE IF EXISTS `pages`;
SET @saved_cs_client     = @@character_set_client;
SET character_set_client = utf8;
CREATE TABLE `pages` (
  `id` int(11) NOT NULL auto_increment,
  `parent_id` int(11) default NULL,
  `lft` int(11) default NULL,
  `rght` int(11) default NULL,
  `level` int(3) NOT NULL default '0' COMMENT 'Page level in the tree hierarchy',
  `slug` varchar(255) collate utf8_unicode_ci NOT NULL COMMENT 'URL friendly page name',
  `url` varchar(255) collate utf8_unicode_ci NOT NULL COMMENT 'Full URL relative to root of the application',
  `title` varchar(255) collate utf8_unicode_ci NOT NULL,
  `content` text collate utf8_unicode_ci,
  `description_meta_tag` text collate utf8_unicode_ci,
  `keywords_meta_tag` text collate utf8_unicode_ci,
  `draft` tinyint(1) NOT NULL default '0',
  `created` datetime NOT NULL,
  `updated` datetime NOT NULL,
  `sidebar_content` text collate utf8_unicode_ci,
  `wild_user_id` int(11) default NULL,
  PRIMARY KEY  (`id`),
  UNIQUE KEY `slug` (`slug`),
  KEY `parent_id` (`parent_id`),
  KEY `lft` (`lft`),
  KEY `rght` (`rght`),
  KEY `draft` (`draft`),
  FULLTEXT KEY `content` (`content`)
) ENGINE=MyISAM AUTO_INCREMENT=191 DEFAULT CHARSET=utf8 COLLATE=utf8_unicode_ci;
SET character_set_client = @saved_cs_client;

--
-- Dumping data for table `pages`
--

LOCK TABLES `pages` WRITE;
/*!40000 ALTER TABLE `pages` DISABLE KEYS */;
INSERT INTO `pages` VALUES (190,NULL,25,26,0,'feature-tour','/feature-tour','Feature tour',NULL,NULL,NULL,0,'2009-01-19 05:03:37','2009-01-19 05:03:37',NULL,NULL),(83,NULL,1,2,0,'bugs','/bugs','Bugs','<ul>\n<li>Post can be viewed even if draft</li>\n<li>Add new category parent select box shows parents that should not be available</li>\n<li>When trying to edit a non existent page an SQL error is shown</li>\n<li>Public search should not search in drafts</li>\n<li>Upload::create does not fill short_name</li>\n<li>Image browser CSS rf &amp; IE7 fixing</li>\n<li>Image browser can be open multiple times and get\'s fcked up</li>\n<li>I deleted a comment an another one got deleted</li>\n<li>Preview does not render home template</li>\n<li>Deleting a comment a clicking cancel deletes the comment!</li>\n<li>When a new revision gets added by AJAX the old first one remains with link witouth a rev num.</li>\n<li>Paging stuff needs to recompute itself after delete.</li>\n</ul>\n<p>Opera bugs:</p>\n<ul>\n<li>live search cancel...</li>\n</ul>\n<p>IE7:</p>\n<ul>\n<li>sub toolbar get f*cked up on page edit screen when a write new post/page is used and then canceled</li>\n</ul>','',NULL,0,'2008-07-07 08:43:00','2008-10-25 09:52:25','',0),(186,172,9,10,0,'new-articles-for-2009','/page-options-workin/create-works-renamed/new-articles-for-2009','New articles for 2009','<p>I won\'t to write about..</p>\n<p>This is a really cool editor.</p>',NULL,NULL,1,'2009-01-14 22:13:41','2009-01-14 22:14:02',NULL,1),(187,NULL,19,20,0,'slug','/slug','',NULL,NULL,NULL,1,'2009-01-19 04:36:55','2009-01-19 04:36:55',NULL,NULL),(188,NULL,21,22,0,'todo-empty-title-pages-support','/todo-empty-title-pages-support','@todo: Empty title pages support',NULL,NULL,NULL,1,'2009-01-19 04:37:52','2009-01-19 04:37:52',NULL,NULL),(189,NULL,23,24,0,'documentation','/documentation','Documentation','',NULL,NULL,0,'2009-01-19 04:57:28','2009-01-19 04:57:33',NULL,1),(172,174,4,11,1,'create-works-renamed','/page-options-workin/create-works-renamed','Create works','<p>yes sa</p>','',NULL,0,'2008-12-28 13:02:00','2009-01-01 15:26:38',NULL,1),(185,NULL,17,18,0,'new-home-page','/new-home-page','Home page','<div class=\"summary\">\n<p>You can take advantage of themes, making it easy to switch the look and feel of your page quickly and easily.</p>\n<p>To use themes, you need to tell your controller to use the ThemeView class instead of the default View class.</p>\n<a class=\"codeToggle\" href=\"http://book.cakephp.org/view/488/Themes#\">Plain Text View</a>\n<pre class=\"code\">class ExampleController extends AppController {<br />    var $view = \'Theme\';<br />}<br /></pre>\n<ol class=\"code\">\n<li><code><span class=\"keyword\">class </span><span class=\"default\">ExampleController </span><span class=\"keyword\">extends </span><span class=\"default\">AppController </span><span class=\"keyword\">{</span></code></li>\n<li class=\"even\"><code><span class=\"keyword\"> var </span><span class=\"default\">$view </span><span class=\"keyword\">= </span><span class=\"string\">\'Theme\'</span><span class=\"keyword\">;</span></code></li>\n<li><code><span class=\"keyword\">}</span></code></li>\n</ol>\n<p>To declare which theme to use by default, specify the theme name in your controller.</p>\n<a class=\"codeToggle\" href=\"http://book.cakephp.org/view/488/Themes#\">Plain Text View</a>\n<pre class=\"code\">class ExampleController extends AppController {<br />    var $view = \'Theme\';<br />    var $theme = \'example\';<br />}<br /></pre>\n<ol class=\"code\">\n<li><code><span class=\"keyword\">class </span><span class=\"default\">ExampleController </span><span class=\"keyword\">extends </span><span class=\"default\">AppController </span><span class=\"keyword\">{</span></code></li>\n<li class=\"even\"><code><span class=\"keyword\"> var </span><span class=\"default\">$view </span><span class=\"keyword\">= </span><span class=\"string\">\'Theme\'</span><span class=\"keyword\">;</span></code></li>\n<li><code><span class=\"keyword\"> var </span><span class=\"default\">$theme </span><span class=\"keyword\">= </span><span class=\"string\">\'example\'</span><span class=\"keyword\">;</span></code></li>\n<li class=\"even\"><code><span class=\"keyword\">}</span></code></li>\n</ol>\n<p>You can also set or change the theme name within an action or within the <code>beforeFilter</code> or <code>beforeRender</code> callback functions.</p>\n<a class=\"codeToggle\" href=\"http://book.cakephp.org/view/488/Themes#\">Plain Text View</a>\n<pre class=\"code\">$this-&gt;theme = \'another_example\';<br /></pre>\n<ol class=\"code\">\n<li><code><span class=\"default\">$this</span><span class=\"keyword\">-&gt;</span><span class=\"default\">theme </span><span class=\"keyword\">= </span><span class=\"string\">\'another_example\'</span><span class=\"keyword\">;</span></code></li>\n</ol>\n<p>Theme view files need to be within the /app/views/themed/ folder. Within the themed folder, create a folder using the same name as your theme name. Beyond that, the folder structure within the /app/views/themed/example/ folder is exactly the same as /app/views/.</p>\n<p>For example, the view file for an edit action of a Posts controller would reside at /app/views/themed/example/posts/edit.ctp. Layout files would reside in /app/views/themed/example/layouts/.</p>\n<p>If a view file can\'t be found in the theme, CakePHP will try to locate the view file in the /app/views/ folder. This way, you can create master view files and simply override them on a case-by-case basis within your theme folder.</p>\n<p>If you have CSS or JavaScript files that are specific to your theme, you can store them in a themed folder within webroot. For example, your stylesheets would be stored in /app/webroot/themed/example/css/ and your JavaScript files would be stored in /app/webroot/themed/example/js/.</p>\n<p>All of CakePHP\'s built-in helpers are aware of themes and will create the correct paths automatically. Like view files, if a file isn\'t in the theme folder, it\'ll default to the main webroot folder.</p>\n</div>',NULL,NULL,0,'2009-01-14 16:25:39','2009-01-19 05:12:53',NULL,1),(174,NULL,3,12,0,'page-options-workin','/page-options-workin','Page options workin','<p>dsad</p>','',NULL,0,'2008-12-28 18:54:00','2008-12-28 18:55:01',NULL,1),(175,NULL,13,14,0,'apostasy','/apostasy','Apostasy','<p><img src=\"/wildflower/uploads/00_wall.jpg\" alt=\"00_wall.jpg\" /></p>','',NULL,0,'2008-12-28 21:08:00','2008-12-29 11:25:32',NULL,1),(176,172,5,6,0,'portfolio','/page-options-workin/create-works-renamed/portfolio','Portfolio','<h2>Portfolio</h2>\n<p>My specialization is <em>PHP </em>&amp;<em> MySQL</em> application development. I love creating semantic <em>(X)HTML/CSS</em> templates and have solid background in <em>web graphics</em>. I work a lot with <em>Javascript</em> and various AJAX implementations.</p>\n<h3>Wildflower CMS</h3>\n<p><a title=\"files-manager.jpg\" rel=\"lightbox\" href=\"http://www.klevo.sk/uploads/files-manager.jpg\"><img src=\"http://www.klevo.sk/uploads/files-manager.thumbnail.jpg\" alt=\"files-manager.jpg\" /></a> <a title=\"page-edit.jpg\" rel=\"lightbox\" href=\"http://www.klevo.sk/uploads/page-edit.jpg\"><img src=\"http://www.klevo.sk/uploads/page-edit.thumbnail.jpg\" alt=\"page-edit.jpg\" /></a></p>\n<p><strong>Description</strong>: I&rsquo;ve build this content management system and application platform to ease and enhance the process I build websites. The biggest asset is the user and developer friendly oriented design of the whole system. And it&rsquo;s open source.</p>\n<p><strong>Link</strong>: <a href=\"http://wf.klevo.sk/\">wf.klevo.sk</a></p>\n<h3>Orkney Crofts</h3>\n<p><a title=\"orkney_home_resize.png\" rel=\"lightbox\" href=\"http://www.klevo.sk/uploads/orkney_home_resize.png\"><img src=\"http://www.klevo.sk/uploads/orkney_home_resize.thumbnail.png\" alt=\"orkney_home_resize.png\" /></a> <a title=\"orkney-booking.png\" rel=\"lightbox\" href=\"http://www.klevo.sk/uploads/orkney-booking.png\"><img src=\"http://www.klevo.sk/uploads/orkney-booking.thumbnail.png\" alt=\"orkney-booking.png\" /></a></p>\n<p><strong>Description</strong>: Site presenting a luxurious accommodation at Orkney islands. Contains a booking system. It&rsquo;s build on my new CakePHP CMS - <a href=\"http://wf.klevo.sk/\">Wildflower</a>.</p>\n<p><strong>Link</strong>: <a href=\"http://www.orkneycrofts.com/\">www.orkneycrofts.com</a></p>\n<h3>Chatbox</h3>\n<p><a title=\"Chatbox customize page\" rel=\"lightbox\" href=\"http://www.klevo.sk/uploads/chatcreator1.jpg\"><img src=\"http://www.klevo.sk/uploads/chatcreator1.thumbnail.jpg\" alt=\"Chatbox customize page\" /></a> <a title=\"Chatbox done page\" rel=\"lightbox\" href=\"http://www.klevo.sk/uploads/chatcreator2.jpg\"><img src=\"http://www.klevo.sk/uploads/chatcreator2.thumbnail.jpg\" alt=\"Chatbox done page\" /></a></p>\n<p><strong>Description</strong>: Chat application that can be embeded in any web page. Build on <a href=\"http://cakephp.org/\">CakePHP</a> and <a href=\"http://jquery.com/\">JQuery</a>. This project no longer exists. I&rsquo;ll probably release the code under some open source license.</p>','',NULL,0,'2008-12-28 21:14:00','2009-01-14 10:14:19',NULL,1),(177,172,7,8,0,'bugs-squashed','/page-options-workin/create-works-renamed/bugs-squashed','Bugs squashed','<p>sassaasasasdasdassadas da cxcscsaaee dasdas</p>',NULL,NULL,0,'2008-12-28 21:16:18','2009-01-05 16:53:26',NULL,1),(179,NULL,15,16,0,'model-tweaks','/model-tweaks','Model tweaks','<p><img src=\"/wildflower/uploads/company-image.jpg\" alt=\"company-image.jpg\" />. Wicked.</p>',NULL,NULL,0,'2008-12-29 15:25:53','2009-01-19 04:30:00',NULL,1);
/*!40000 ALTER TABLE `pages` ENABLE KEYS */;
UNLOCK TABLES;

--
-- Table structure for table `schema_info`
--

DROP TABLE IF EXISTS `schema_info`;
SET @saved_cs_client     = @@character_set_client;
SET character_set_client = utf8;
CREATE TABLE `schema_info` (
  `version` int(11) unsigned NOT NULL default '0'
) ENGINE=MyISAM DEFAULT CHARSET=utf8 COLLATE=utf8_unicode_ci;
SET character_set_client = @saved_cs_client;

--
-- Dumping data for table `schema_info`
--

LOCK TABLES `schema_info` WRITE;
/*!40000 ALTER TABLE `schema_info` DISABLE KEYS */;
INSERT INTO `schema_info` VALUES (15);
/*!40000 ALTER TABLE `schema_info` ENABLE KEYS */;
UNLOCK TABLES;

--
-- Table structure for table `settings`
--

DROP TABLE IF EXISTS `settings`;
SET @saved_cs_client     = @@character_set_client;
SET character_set_client = utf8;
CREATE TABLE `settings` (
  `id` int(11) NOT NULL auto_increment,
  `name` varchar(255) collate utf8_unicode_ci NOT NULL,
  `value` text collate utf8_unicode_ci NOT NULL,
  `description` varchar(255) collate utf8_unicode_ci default NULL,
  `type` enum('text','textbox','select','checkbox','radio','password') collate utf8_unicode_ci NOT NULL,
  `label` varchar(255) collate utf8_unicode_ci default NULL,
  `order` int(11) NOT NULL,
  PRIMARY KEY  (`id`)
) ENGINE=MyISAM AUTO_INCREMENT=13 DEFAULT CHARSET=utf8 COLLATE=utf8_unicode_ci;
SET character_set_client = @saved_cs_client;

--
-- Dumping data for table `settings`
--

LOCK TABLES `settings` WRITE;
/*!40000 ALTER TABLE `settings` DISABLE KEYS */;
INSERT INTO `settings` VALUES (1,'site_name','Wildflower 1.3b1','','text',NULL,1),(2,'description','A CakePHP CMS','','textbox',NULL,2),(3,'home_page_id','185','Page that will be shown when visiting the site root.','select','Home page',3),(4,'contact_email','klevo@klevo.sk','You`ll receive notifications when somebody posts a comment or uses the contact form on this email address.','text','Contact email address',4),(5,'google_analytics_code','','','textbox',NULL,10),(6,'wordpress_api_key','','','text',NULL,9),(7,'smtp_server','','','text',NULL,6),(8,'smtp_username','','','text',NULL,7),(9,'smtp_password','','','text',NULL,8),(11,'email_delivery','debug',NULL,'select',NULL,5),(12,'cache','off',NULL,'select','Page and post caching',11);
/*!40000 ALTER TABLE `settings` ENABLE KEYS */;
UNLOCK TABLES;

--
-- Table structure for table `sitemaps`
--

DROP TABLE IF EXISTS `sitemaps`;
SET @saved_cs_client     = @@character_set_client;
SET character_set_client = utf8;
CREATE TABLE `sitemaps` (
  `id` int(11) NOT NULL auto_increment,
  `lft` int(11) NOT NULL,
  `rght` int(11) NOT NULL,
  `parent_id` int(11) default NULL,
  `loc` varchar(255) collate utf8_unicode_ci NOT NULL,
  `lastmod` datetime default NULL,
  `changefreq` enum('always','hourly','daily','weekly','monthly','yearly','never') collate utf8_unicode_ci default NULL,
  `priority` float default NULL,
  PRIMARY KEY  (`id`),
  KEY `lft` (`lft`,`rght`,`parent_id`)
) ENGINE=MyISAM DEFAULT CHARSET=utf8 COLLATE=utf8_unicode_ci COMMENT='Google Sitemap protocol compatible sitemap';
SET character_set_client = @saved_cs_client;

--
-- Dumping data for table `sitemaps`
--

LOCK TABLES `sitemaps` WRITE;
/*!40000 ALTER TABLE `sitemaps` DISABLE KEYS */;
/*!40000 ALTER TABLE `sitemaps` ENABLE KEYS */;
UNLOCK TABLES;

--
-- Table structure for table `tags`
--

DROP TABLE IF EXISTS `tags`;
SET @saved_cs_client     = @@character_set_client;
SET character_set_client = utf8;
CREATE TABLE `tags` (
  `id` int(11) NOT NULL auto_increment,
  `name` varchar(255) collate utf8_unicode_ci NOT NULL,
  PRIMARY KEY  (`id`),
  UNIQUE KEY `name` (`name`)
) ENGINE=MyISAM DEFAULT CHARSET=utf8 COLLATE=utf8_unicode_ci;
SET character_set_client = @saved_cs_client;

--
-- Dumping data for table `tags`
--

LOCK TABLES `tags` WRITE;
/*!40000 ALTER TABLE `tags` DISABLE KEYS */;
/*!40000 ALTER TABLE `tags` ENABLE KEYS */;
UNLOCK TABLES;

--
-- Table structure for table `tags_uploads`
--

DROP TABLE IF EXISTS `tags_uploads`;
SET @saved_cs_client     = @@character_set_client;
SET character_set_client = utf8;
CREATE TABLE `tags_uploads` (
  `upload_id` int(11) NOT NULL,
  `tag_id` int(11) NOT NULL,
  KEY `tag_id` (`tag_id`),
  KEY `upload_id` (`upload_id`)
) ENGINE=MyISAM DEFAULT CHARSET=utf8 COLLATE=utf8_unicode_ci;
SET character_set_client = @saved_cs_client;

--
-- Dumping data for table `tags_uploads`
--

LOCK TABLES `tags_uploads` WRITE;
/*!40000 ALTER TABLE `tags_uploads` DISABLE KEYS */;
/*!40000 ALTER TABLE `tags_uploads` ENABLE KEYS */;
UNLOCK TABLES;

--
-- Table structure for table `uploads`
--

DROP TABLE IF EXISTS `uploads`;
SET @saved_cs_client     = @@character_set_client;
SET character_set_client = utf8;
CREATE TABLE `uploads` (
  `id` int(11) NOT NULL auto_increment,
  `name` varchar(255) collate utf8_unicode_ci NOT NULL,
  `title` varchar(255) collate utf8_unicode_ci NOT NULL,
  `mime` varchar(20) collate utf8_unicode_ci NOT NULL,
  `created` datetime NOT NULL,
  `updated` datetime NOT NULL,
  PRIMARY KEY  (`id`),
  KEY `mime` (`mime`)
) ENGINE=MyISAM AUTO_INCREMENT=20 DEFAULT CHARSET=utf8 COLLATE=utf8_unicode_ci;
SET character_set_client = @saved_cs_client;

--
-- Dumping data for table `uploads`
--

LOCK TABLES `uploads` WRITE;
/*!40000 ALTER TABLE `uploads` DISABLE KEYS */;
INSERT INTO `uploads` VALUES (7,'Good_Vibrations-1440x900.jpg','Good_Vibrations-1440x900.jpg','image/jpeg','2008-10-10 12:49:23','2008-10-10 12:49:23'),(9,'company-image.jpg','company-image.jpg','image/jpeg','2008-12-05 18:25:06','2008-12-05 18:25:06'),(11,'Pixel_tennis_by_iTop_edition.gif','Pixel_tennis_by_iTop_edition.gif','image/gif','2008-12-14 12:43:22','2008-12-14 12:43:22'),(19,'sessions.sql','sessions.sql','application/octet-st','2009-01-14 16:20:11','2009-01-14 16:20:11'),(14,'00_wall.jpg','00_wall.jpg','image/jpeg','2008-12-28 18:56:49','2008-12-28 18:56:49');
/*!40000 ALTER TABLE `uploads` ENABLE KEYS */;
UNLOCK TABLES;

--
-- Table structure for table `wild_comments`
--

DROP TABLE IF EXISTS `wild_comments`;
SET @saved_cs_client     = @@character_set_client;
SET character_set_client = utf8;
CREATE TABLE `wild_comments` (
  `id` int(11) NOT NULL auto_increment,
  `wild_post_id` int(11) default NULL,
  `name` varchar(255) collate utf8_unicode_ci NOT NULL,
  `email` char(80) collate utf8_unicode_ci NOT NULL,
  `url` char(80) collate utf8_unicode_ci default NULL,
  `content` text collate utf8_unicode_ci NOT NULL,
  `spam` tinyint(1) NOT NULL default '0',
  `created` datetime NOT NULL,
  `updated` datetime NOT NULL,
  PRIMARY KEY  (`id`),
  KEY `post_id` (`wild_post_id`),
  KEY `spam` (`spam`)
) ENGINE=MyISAM AUTO_INCREMENT=32 DEFAULT CHARSET=utf8 COLLATE=utf8_unicode_ci;
SET character_set_client = @saved_cs_client;

--
-- Dumping data for table `wild_comments`
--

LOCK TABLES `wild_comments` WRITE;
/*!40000 ALTER TABLE `wild_comments` DISABLE KEYS */;
INSERT INTO `wild_comments` VALUES (26,1493,'klevo','klevo@klevo.sk','http://klevo.sk','Lorem.',0,'2008-12-05 12:44:55','2008-12-05 12:44:55'),(24,1469,'John Rambo','rambo@klevo.sk','','\'With selected\' control working on posts::wf_index',0,'2008-11-08 23:07:40','2008-11-08 23:07:40'),(25,1469,'Tomáš','tomas@tomas.com','http://google.com','Hello.',0,'2008-11-08 23:12:36','2008-11-08 23:12:36'),(21,32,'klevo','klevo@klevo.sk','http://klevo.sk','aloha',0,'2008-10-25 09:37:04','2008-10-25 09:37:04'),(22,32,'klevo','klevo@klevo.sk','http://klevo.sk','aloha',0,'2008-10-25 09:37:53','2008-10-25 09:37:53'),(23,28,'Mr Pruser','pruser@klevo.sk','','To nemyslis vazne, kradnut clanky od SimpleTestu!?',0,'2008-10-25 09:48:36','2008-10-25 09:48:36'),(28,46,'MoneyMaker','info@klevo.sk','','Let\'s say you have a model called \"ImageAlbum\" and a model called \"Image\", you would add an INT-field to the \"image_album\" table and name it \"image_count\". Or if your names are more complex, here is another example: With \"BlogEntry\" and \"BlogEntryComment\", the name of the field would be \"blog_entry_comment_count\" and needs to be added to \"blog_entries\".',0,'2009-01-05 20:45:10','2009-01-05 20:45:10'),(29,46,'klevo','info@klevo.sk','','You\'re right MoneyMaker.',0,'2009-01-05 20:45:27','2009-01-05 20:45:27'),(30,19,'Tester','A@a.com','http://a.com','tester is testing.',0,'2009-01-05 21:06:32','2009-01-05 21:06:32'),(31,46,'John Rambo','A@a.com','','sasa',0,'2009-01-14 22:16:53','2009-01-14 22:16:53');
/*!40000 ALTER TABLE `wild_comments` ENABLE KEYS */;
UNLOCK TABLES;

--
-- Table structure for table `wild_posts`
--

DROP TABLE IF EXISTS `wild_posts`;
SET @saved_cs_client     = @@character_set_client;
SET character_set_client = utf8;
CREATE TABLE `wild_posts` (
  `id` int(11) NOT NULL auto_increment,
  `slug` varchar(255) collate utf8_unicode_ci NOT NULL,
  `title` varchar(255) collate utf8_unicode_ci NOT NULL,
  `content` text collate utf8_unicode_ci,
  `wild_user_id` int(11) default NULL,
  `description_meta_tag` text collate utf8_unicode_ci,
  `keywords_meta_tag` text collate utf8_unicode_ci,
  `created` datetime NOT NULL,
  `updated` datetime NOT NULL,
  `draft` int(1) NOT NULL default '0',
  `uuid` varchar(255) collate utf8_unicode_ci NOT NULL,
  `wild_comment_count` int(11) default '0',
  PRIMARY KEY  (`id`),
  UNIQUE KEY `slug` (`slug`),
  FULLTEXT KEY `content` (`content`)
) ENGINE=MyISAM AUTO_INCREMENT=49 DEFAULT CHARSET=utf8 COLLATE=utf8_unicode_ci;
SET character_set_client = @saved_cs_client;

--
-- Dumping data for table `wild_posts`
--

LOCK TABLES `wild_posts` WRITE;
/*!40000 ALTER TABLE `wild_posts` DISABLE KEYS */;
INSERT INTO `wild_posts` VALUES (17,'03b93a21ef134f1bbf0bcc2b722e77162a4e5ba2','A Draft','<p>ghjjhhjghgj</p>\n<p><img src=\"/wildflower/uploads/Pixel_tennis_by_iTop_edition.gif\" alt=\"Pixel_tennis_by_iTop_edition.gif\" /></p>',1,'',NULL,'2008-12-26 13:23:00','2008-12-27 20:30:27',0,'03b93a21ef134f1bbf0bcc2b722e77162a4e5ba2',0),(19,'cb2f3c95dd46bc213d1e334831ed2bd37e46d460','@todo: Investigate Auth cookie expire time','<p>123 saddsa</p>',1,'',NULL,'2008-12-27 00:30:00','2009-01-05 21:05:24',0,'cb2f3c95dd46bc213d1e334831ed2bd37e46d460',1),(21,'2d78f7e8e4b9e67c6e45d639221b243c7834300f','@todo: Try search with 10 000 posts','<p>gfdgdfg</p>',1,'',NULL,'2008-12-27 00:37:00','2008-12-27 21:33:45',1,'2d78f7e8e4b9e67c6e45d639221b243c7834300f',0),(22,'11aa5157d9ac4382aed48088ceb544e98b2b388b','@todo: Add Unpublish link to post-info','<p>dsadsa dsada</p>',1,'Make this a draft.',NULL,'2008-12-27 13:41:00','2008-12-27 20:34:33',0,'11aa5157d9ac4382aed48088ceb544e98b2b388b',0),(28,'28dae759c16ad2aa0e1c86aa516bdf7b727d2e39','Lots of Javascript','<p><img src=\"/wildflower/uploads/company-image.jpg\" alt=\"company-image.jpg\" /></p>\n<p>&nbsp;</p>\n<p><img src=\"/wildflower/uploads/Good_Vibrations-1440x900.jpg\" alt=\"Good_Vibrations-1440x900.jpg\" /></p>',1,NULL,NULL,'2008-12-28 10:53:55','2009-01-01 23:00:35',0,'28dae759c16ad2aa0e1c86aa516bdf7b727d2e39',0),(36,'xyz','A new post','<p>yeah</p>\n<p><img src=\"/wildflower/uploads/company-image.jpg\" alt=\"company-image.jpg\" /><img src=\"/wildflower/uploads/company-image.jpg\" alt=\"company-image.jpg\" /><img src=\"/wildflower/uploads/Pixel_tennis_by_iTop_edition.gif\" alt=\"Pixel_tennis_by_iTop_edition.gif\" /></p>',1,'',NULL,'2008-12-29 10:30:00','2009-01-01 20:15:20',0,'6e65b0cf1bea8642054d213c8b1b67f72ea71a12',0),(38,'5e7a441a86c9751369c2ad32d706a0ee7421bd3d','@todo: Insert link pages and post aware','<p><img src=\"/wildflower/uploads/00_wall.jpg\" alt=\"00_wall.jpg\" /></p>',1,'',NULL,'2008-12-27 18:33:00','2009-01-01 22:50:56',0,'5e7a441a86c9751369c2ad32d706a0ee7421bd3d',0),(46,'12ed7420ef6aaea52d6313f7c3a79d0ea4cb5c50','About Cake\'s counter cache','<p>This function helps you cache the count of related data. Instead of counting the records manually via find(\'count\'), the model itself tracks any addition/deleting towards the associated $hasMany model and increases/decreases a dedicated integer field within the parent model table.</p>\n<p>The name of the field consists of the singular model name followed by a underscore and the word \"count\".</p>\n<p>Let\'s say you have a model called \"ImageAlbum\" and a model called \"Image\", you would add an INT-field to the \"image_album\" table and name it \"image_count\". Or if your names are more complex, here is another example: With \"BlogEntry\" and \"BlogEntryComment\", the name of the field would be \"blog_entry_comment_count\" and needs to be added to \"blog_entries\".</p>\n<p>Once you have added the counter field you are good to activate this functionality by adding the \"counterCache\" key to the \"$belongsTo\" association array and set the value to \"true\".</p>',1,NULL,NULL,'2009-01-05 20:37:40','2009-01-14 22:07:08',0,'12ed7420ef6aaea52d6313f7c3a79d0ea4cb5c50',3);
/*!40000 ALTER TABLE `wild_posts` ENABLE KEYS */;
UNLOCK TABLES;

--
-- Table structure for table `wild_revisions`
--

DROP TABLE IF EXISTS `wild_revisions`;
SET @saved_cs_client     = @@character_set_client;
SET character_set_client = utf8;
CREATE TABLE `wild_revisions` (
  `id` int(11) NOT NULL auto_increment,
  `type` varchar(255) collate utf8_unicode_ci NOT NULL,
  `node_id` int(11) NOT NULL,
  `content` text collate utf8_unicode_ci NOT NULL,
  `revision_number` int(11) NOT NULL,
  `created` datetime NOT NULL,
  PRIMARY KEY  (`id`),
  KEY `type` (`type`,`node_id`)
) ENGINE=MyISAM AUTO_INCREMENT=236 DEFAULT CHARSET=utf8 COLLATE=utf8_unicode_ci;
SET character_set_client = @saved_cs_client;

--
-- Dumping data for table `wild_revisions`
--

LOCK TABLES `wild_revisions` WRITE;
/*!40000 ALTER TABLE `wild_revisions` DISABLE KEYS */;
INSERT INTO `wild_revisions` VALUES (1,'wildpost',1,'{\"WildPost\":[]}',1,'2008-12-05 18:48:16'),(2,'wildpost',1,'{\"WildPost\":{\"title\":\"The first post\",\"content\":\"<p>Ola ola.<\\/p>\"}}',2,'2008-12-05 18:48:38'),(3,'wildpost',2,'{\"WildPost\":[]}',1,'2008-12-05 18:49:10'),(4,'wildpost',2,'{\"WildPost\":{\"title\":\"Git is COOL\",\"content\":\"<p>wildflower.categories: OK<br \\/>wildflower.categories_posts: Table is already up to date<br \\/>wildflower.comments: OK<br \\/>wildflower.messages: Table is already up to date<br \\/>wildflower.pages: OK<br \\/>wildflower.posts: Table is already up to date<br \\/>wildflower.revisions: Table is already up to date<br \\/>wildflower.schema_info: OK<br \\/>wildflower.settings: OK<br \\/>wildflower.sitemaps: Table is already up to date<br \\/>wildflower.tags: Table is already up to date<br \\/>wildflower.tags_uploads: Table is already up to date<br \\/>wildflower.uploads: OK<br \\/>wildflower.users: OK<\\/p>\"}}',2,'2008-12-05 18:49:23'),(5,'wildpost',2,'{\"WildPost\":{\"title\":\"Git is COOL\",\"content\":\"<p>wildflower.categories: OK<br \\/>wildflower.categories_posts: Table is already up to date<br \\/>wildflower.comments: OK<br \\/>wildflower.messages: Table is already up to date<br \\/>wildflower.pages: OK<br \\/>wildflower.posts: Table is already up to date<br \\/>wildflower.revisions: Table is already up to date<br \\/>wildflower.schema_info: OK<br \\/>wildflower.settings: OK<br \\/>wildflower.sitemaps: Table is already up to date<br \\/>wildflower.tags: Table is already up to date<br \\/>wildflower.tags_uploads: Table is already up to date<br \\/>wildflower.uploads: OK<br \\/>wildflower.users: OK<\\/p>\\r\\n<p>&nbsp;<\\/p>\"}}',3,'2008-12-05 19:53:26'),(6,'wildpost',2,'{\"WildPost\":{\"title\":\"Git is COOL\",\"content\":\"<p>wildflower.categories: OK<br \\/>wildflower.categories_posts: Table is already up to date<br \\/>wildflower.comments: OK<br \\/>wildflower.messages: Table is already up to date<br \\/>wildflower.pages: OK<br \\/>wildflower.posts: Table is already up to date<br \\/>wildflower.revisions: Table is already up to date<br \\/>wildflower.schema_info: OK<br \\/>wildflower.settings: OK<br \\/>wildflower.sitemaps: Table is already up to date<br \\/>wildflower.tags: Table is already up to date<br \\/>wildflower.tags_uploads: Table is already up to date<br \\/>wildflower.uploads: OK<br \\/>wildflower.users: OK<\\/p>\\r\\n<p><img src=\\\"\\/wildflower\\/img\\/thumb\\/company-image.jpg\\/0\\/0\\\" alt=\\\"company-image.jpg\\\" \\/><\\/p>\"}}',4,'2008-12-05 19:55:31'),(7,'wildpost',2,'{\"WildPost\":{\"title\":\"Git is COOL\",\"content\":\"<p>wildflower.categories: OK<br \\/>wildflower.categories_posts: Table is already up to date<br \\/>wildflower.comments: OK<br \\/>wildflower.messages: Table is already up to date<br \\/>wildflower.pages: OK<br \\/>wildflower.posts: Table is already up to date<br \\/>wildflower.revisions: Table is already up to date<br \\/>wildflower.schema_info: OK<br \\/>wildflower.settings: OK<br \\/>wildflower.sitemaps: Table is already up to date<br \\/>wildflower.tags: Table is already up to date<br \\/>wildflower.tags_uploads: Table is already up to date<br \\/>wildflower.uploads: OK<br \\/>wildflower.users: OK<\\/p>\\r\\n<p><img src=\\\"\\/wildflower\\/img\\/thumb\\/company-image.jpg\\/0\\/0\\\" alt=\\\"company-image.jpg\\\" \\/><img src=\\\"\\/wildflower\\/img\\/thumb\\/company-image.jpg\\/0\\/0\\\" alt=\\\"company-image.jpg\\\" \\/><img src=\\\"\\/wildflower\\/img\\/thumb\\/company-image.jpg\\/0\\/0\\\" alt=\\\"company-image.jpg\\\" \\/><\\/p>\\r\\n<p><img src=\\\"\\/wildflower\\/img\\/thumb\\/Good_Vibrations-1440x900.jpg\\/0\\/0\\\" alt=\\\"Good_Vibrations-1440x900.jpg\\\" \\/><\\/p>\"}}',5,'2008-12-05 21:28:02'),(8,'wildpost',3,'{\"WildPost\":[]}',1,'2008-12-05 21:30:10'),(9,'wildpost',2,'{\"WildPost\":{\"title\":\"Git is COOL\",\"content\":\"<p>wildflower.categories: OK<br \\/>wildflower.categories_posts: Table is already up to date<br \\/>wildflower.comments: OK<br \\/>wildflower.messages: Table is already up to date<br \\/>wildflower.pages: OK<br \\/>wildflower.posts: Table is already up to date<br \\/>wildflower.revisions: Table is already up to date<br \\/>wildflower.schema_info: OK<br \\/>wildflower.settings: OK<br \\/>wildflower.sitemaps: Table is already up to date<br \\/>wildflower.tags: Table is already up to date<br \\/>wildflower.tags_uploads: Table is already up to date<br \\/>wildflower.uploads: OK<br \\/>wildflower.users: OK<\\/p>\\r\\n<p><img src=\\\"\\/wildflower\\/img\\/thumb\\/company-image.jpg\\/0\\/0\\\" alt=\\\"company-image.jpg\\\" \\/><img src=\\\"\\/wildflower\\/img\\/thumb\\/company-image.jpg\\/0\\/0\\\" alt=\\\"company-image.jpg\\\" \\/><img src=\\\"\\/wildflower\\/img\\/thumb\\/company-image.jpg\\/0\\/0\\\" alt=\\\"company-image.jpg\\\" \\/><\\/p>\"}}',6,'2008-12-06 10:10:05'),(10,'wildpost',1,'{\"WildPost\":{\"title\":\"The first post\",\"content\":\"<p>Ola ola.<\\/p>\",\"description_meta_tag\":\"\"}}',3,'2008-12-06 10:38:25'),(11,'wildpost',1,'{\"WildPost\":{\"title\":\"The first post\",\"content\":\"<p>Ola ola.<\\/p>\",\"description_meta_tag\":\"Just a draft\"}}',4,'2008-12-06 10:38:51'),(12,'wildpost',1,'{\"WildPost\":{\"title\":\"The first post\",\"content\":\"<p>Ola ola.<\\/p>\",\"description_meta_tag\":\"Just a draft.\"}}',5,'2008-12-06 10:48:28'),(13,'wildpost',2,'{\"WildPost\":{\"title\":\"Git is COOL\",\"content\":\"<p>wildflower.categories: OK<br \\/>wildflower.categories_posts: Table is already up to date<br \\/>wildflower.comments: OK<br \\/>wildflower.messages: Table is already up to date<br \\/>wildflower.pages: OK<br \\/>wildflower.posts: Table is already up to date<br \\/>wildflower.revisions: Table is already up to date<br \\/>wildflower.schema_info: OK<br \\/>wildflower.settings: OK<br \\/>wildflower.sitemaps: Table is already up to date<br \\/>wildflower.tags: Table is already up to date<br \\/>wildflower.tags_uploads: Table is already up to date<br \\/>wildflower.uploads: OK<br \\/>wildflower.users: OK<\\/p>\\r\\n<p><img src=\\\"\\/wildflower\\/img\\/thumb\\/company-image.jpg\\/0\\/0\\\" alt=\\\"company-image.jpg\\\" \\/><img src=\\\"\\/wildflower\\/img\\/thumb\\/company-image.jpg\\/0\\/0\\\" alt=\\\"company-image.jpg\\\" \\/><img src=\\\"\\/wildflower\\/img\\/thumb\\/company-image.jpg\\/0\\/0\\\" alt=\\\"company-image.jpg\\\" \\/><\\/p>\",\"description_meta_tag\":\"\"}}',7,'2008-12-06 12:21:00'),(14,'wildpost',4,'{\"WildPost\":[]}',1,'2008-12-06 18:48:53'),(15,'wildpost',4,'{\"WildPost\":{\"title\":\"Writing a new post\",\"content\":\"<p>And again I am coding.<\\/p>\",\"description_meta_tag\":\"\"}}',2,'2008-12-06 18:49:12'),(16,'wildpost',5,'{\"WildPost\":[]}',1,'2008-12-06 18:58:17'),(17,'wildpost',4,'{\"WildPost\":{\"title\":\"Writing a new post\",\"content\":\"<p>And again I am coding.<img src=\\\"\\/wildflower\\/img\\/thumb\\/company-image.jpg\\/0\\/0\\\" alt=\\\"company-image.jpg\\\" \\/><\\/p>\",\"description_meta_tag\":\"\"}}',3,'2008-12-06 19:00:39'),(18,'wildpost',4,'{\"WildPost\":{\"title\":\"Writing a new post\",\"content\":\"<p>And again I am coding.<img src=\\\"\\/wildflower\\/uploads\\/company-image.jpg\\\" alt=\\\"company-image.jpg\\\" \\/><img src=\\\"\\/wildflower\\/uploads\\/Good_Vibrations-1440x900.jpg\\\" alt=\\\"Good_Vibrations-1440x900.jpg\\\" \\/><\\/p>\",\"description_meta_tag\":\"\"}}',4,'2008-12-11 17:35:14'),(19,'wildpost',4,'{\"WildPost\":{\"title\":\"Writing a new post\",\"content\":\"<p>And again I am coding.<img src=\\\"\\/wildflower\\/uploads\\/company-image.jpg\\\" alt=\\\"company-image.jpg\\\" \\/><\\/p>\",\"description_meta_tag\":\"\"}}',5,'2008-12-11 17:35:30'),(20,'wildpost',4,'{\"WildPost\":{\"title\":\"Writing a new post\",\"content\":\"<h1>And again I am coding.<img src=\\\"\\/wildflower\\/uploads\\/company-image.jpg\\\" alt=\\\"company-image.jpg\\\" \\/><img src=\\\"\\/wildflower\\/uploads\\/company-image.jpg\\\" alt=\\\"company-image.jpg\\\" \\/><img src=\\\"\\/wildflower\\/uploads\\/company-image.jpg\\\" alt=\\\"company-image.jpg\\\" \\/><\\/h1>\",\"description_meta_tag\":\"\"}}',6,'2008-12-11 17:56:25'),(21,'wildpost',2,'{\"WildPost\":{\"title\":\"Git is COOL 213\",\"content\":\"<p>wildflower.categories: OK<br \\/>wildflower.categories_posts: Table is already up to date<br \\/>wildflower.comments: OK<br \\/>wildflower.messages: Table is already up to date<br \\/>wildflower.pages: OK<br \\/>wildflower.posts: Table is already up to date<br \\/>wildflower.revisions: Table is already up to date<br \\/>wildflower.schema_info: OK<br \\/>wildflower.settings: OK<br \\/>wildflower.sitemaps: Table is already up to date<br \\/>wildflower.tags: Table is already up to date<br \\/>wildflower.tags_uploads: Table is already up to date<br \\/>wildflower.uploads: OK<br \\/>wildflower.users: OK<\\/p>\\r\\n<p><img src=\\\"\\/wildflower\\/img\\/thumb\\/company-image.jpg\\/0\\/0\\\" alt=\\\"company-image.jpg\\\" \\/><img src=\\\"\\/wildflower\\/img\\/thumb\\/company-image.jpg\\/0\\/0\\\" alt=\\\"company-image.jpg\\\" \\/><img src=\\\"\\/wildflower\\/img\\/thumb\\/company-image.jpg\\/0\\/0\\\" alt=\\\"company-image.jpg\\\" \\/><\\/p>\",\"description_meta_tag\":\"\"}}',8,'2008-12-14 12:07:28'),(22,'wildpost',2,'{\"WildPost\":{\"title\":\"Git is COOL 213 asd\",\"content\":\"<p>wildflower.categories: OK<br \\/>wildflower.categories_posts: Table is already up to date<br \\/>wildflower.comments: OK<br \\/>wildflower.messages: Table is already up to date<br \\/>wildflower.pages: OK<br \\/>wildflower.posts: Table is already up to date<br \\/>wildflower.revisions: Table is already up to date<br \\/>wildflower.schema_info: OK<br \\/>wildflower.settings: OK<br \\/>wildflower.sitemaps: Table is already up to date<br \\/>wildflower.tags: Table is already up to date<br \\/>wildflower.tags_uploads: Table is already up to date<br \\/>wildflower.uploads: OK<br \\/>wildflower.users: OK<\\/p>\\r\\n<p><img src=\\\"\\/wildflower\\/img\\/thumb\\/company-image.jpg\\/0\\/0\\\" alt=\\\"company-image.jpg\\\" \\/><img src=\\\"\\/wildflower\\/img\\/thumb\\/company-image.jpg\\/0\\/0\\\" alt=\\\"company-image.jpg\\\" \\/><img src=\\\"\\/wildflower\\/img\\/thumb\\/company-image.jpg\\/0\\/0\\\" alt=\\\"company-image.jpg\\\" \\/><\\/p>\",\"description_meta_tag\":\"\"}}',9,'2008-12-14 12:12:02'),(23,'wildpost',2,'{\"WildPost\":{\"title\":\"Git is COOL\",\"content\":\"<p>wildflower.categories: OK<br \\/>wildflower.categories_posts: Table is already up to date<br \\/>wildflower.comments: OK<br \\/>wildflower.messages: Table is already up to date<br \\/>wildflower.pages: OK<br \\/>wildflower.posts: Table is already up to date<br \\/>wildflower.revisions: Table is already up to date<br \\/>wildflower.schema_info: OK<br \\/>wildflower.settings: OK<br \\/>wildflower.sitemaps: Table is already up to date<br \\/>wildflower.tags: Table is already up to date<br \\/>wildflower.tags_uploads: Table is already up to date<br \\/>wildflower.uploads: OK<br \\/>wildflower.users: OK<\\/p>\\r\\n<p><img src=\\\"\\/wildflower\\/img\\/thumb\\/company-image.jpg\\/0\\/0\\\" alt=\\\"company-image.jpg\\\" \\/><img src=\\\"\\/wildflower\\/img\\/thumb\\/company-image.jpg\\/0\\/0\\\" alt=\\\"company-image.jpg\\\" \\/><img src=\\\"\\/wildflower\\/img\\/thumb\\/company-image.jpg\\/0\\/0\\\" alt=\\\"company-image.jpg\\\" \\/><\\/p>\",\"description_meta_tag\":\"\"}}',10,'2008-12-14 12:16:21'),(24,'wildpost',2,'{\"WildPost\":{\"title\":\"Git is COOL 1\",\"content\":\"<p>wildflower.categories: OK<br \\/>wildflower.categories_posts: Table is already up to date<br \\/>wildflower.comments: OK<br \\/>wildflower.messages: Table is already up to date<br \\/>wildflower.pages: OK<br \\/>wildflower.posts: Table is already up to date<br \\/>wildflower.revisions: Table is already up to date<br \\/>wildflower.schema_info: OK<br \\/>wildflower.settings: OK<br \\/>wildflower.sitemaps: Table is already up to date<br \\/>wildflower.tags: Table is already up to date<br \\/>wildflower.tags_uploads: Table is already up to date<br \\/>wildflower.uploads: OK<br \\/>wildflower.users: OK<\\/p>\\r\\n<p><img src=\\\"\\/wildflower\\/img\\/thumb\\/company-image.jpg\\/0\\/0\\\" alt=\\\"company-image.jpg\\\" \\/><img src=\\\"\\/wildflower\\/img\\/thumb\\/company-image.jpg\\/0\\/0\\\" alt=\\\"company-image.jpg\\\" \\/><img src=\\\"\\/wildflower\\/img\\/thumb\\/company-image.jpg\\/0\\/0\\\" alt=\\\"company-image.jpg\\\" \\/><\\/p>\",\"description_meta_tag\":\"\"}}',11,'2008-12-14 12:38:36'),(25,'wildpost',4,'{\"WildPost\":{\"title\":\"Writing a new post\",\"content\":\"<p>Play tennis.<\\/p>\\r\\n<p><img src=\\\"\\/wildflower\\/uploads\\/Pixel_tennis_by_iTop_edition.gif\\\" alt=\\\"Pixel_tennis_by_iTop_edition.gif\\\" \\/><\\/p>\",\"description_meta_tag\":\"\"}}',7,'2008-12-14 12:44:13'),(26,'wildpost',6,'{\"WildPost\":[]}',1,'2008-12-14 14:00:08'),(27,'wildpost',6,'{\"WildPost\":{\"title\":\"delete me\",\"content\":\"\",\"description_meta_tag\":\"\"}}',2,'2008-12-14 14:00:13'),(28,'wildpost',7,'{\"WildPost\":[]}',1,'2008-12-15 03:11:17'),(29,'wildpost',8,'{\"WildPost\":[]}',1,'2008-12-15 03:12:54'),(30,'wildpost',8,'{\"WildPost\":{\"title\":\"South Park\",\"content\":\"\",\"description_meta_tag\":\"\"}}',2,'2008-12-15 03:14:47'),(31,'wildpost',8,'{\"WildPost\":{\"title\":\"South Park\",\"content\":\"\",\"description_meta_tag\":\"Google loves me.\"}}',3,'2008-12-15 04:16:12'),(32,'wildpost',4,'{\"WildPost\":{\"title\":\"Writing a new post\",\"content\":\"<p>Play tennis.<\\/p>\\r\\n<p><img src=\\\"\\/wildflower\\/uploads\\/Pixel_tennis_by_iTop_edition.gif\\\" alt=\\\"Pixel_tennis_by_iTop_edition.gif\\\" \\/><img src=\\\"\\/wildflower\\/uploads\\/company-image.jpg\\\" alt=\\\"company-image.jpg\\\" \\/><\\/p>\",\"description_meta_tag\":\"\"}}',8,'2008-12-15 04:23:14'),(33,'wildpost',8,'{\"WildPost\":{\"title\":\"South Park\",\"content\":\"<p><img src=\\\"\\/wildflower\\/uploads\\/Pixel_tennis_by_iTop_edition.gif\\\" alt=\\\"Pixel_tennis_by_iTop_edition.gif\\\" \\/><img src=\\\"\\/wildflower\\/uploads\\/company-image.jpg\\\" alt=\\\"company-image.jpg\\\" \\/><\\/p>\",\"description_meta_tag\":\"Google loves me.\"}}',4,'2008-12-22 14:52:07'),(34,'wildpost',9,'{\"WildPost\":[]}',1,'2008-12-23 22:36:33'),(35,'wildpost',9,'{\"WildPost\":{\"title\":\"Meaningful contribution\",\"content\":\"<p><strong>Lorem Ipsum<\\/strong> is simply dummy text of the printing and typesetting industry. Lorem Ipsum has been the industry\'s standard dummy text ever since the 1500s, when an unknown printer took a galley of type and scrambled it to make a type specimen book. It has survived not only five centuries, but also the leap into electronic typesetting, remaining essentially unchanged. It was popularised in the 1960s with the release of Letraset sheets containing Lorem Ipsum passages, and more recently with desktop publishing software like Aldus PageMaker including versions of Lorem Ipsum.<\\/p>\\r\\n<div class=\\\"rc\\\">\\r\\n<h2 class=\\\"why\\\"><span>Why do we use it?<\\/span><\\/h2>\\r\\n<p>It is a long established fact that a reader will be distracted by the readable content of a page when looking at its layout. The point of using Lorem Ipsum is that it has a more-or-less normal distribution of letters, as opposed to using \'Content here, content here\', making it look like readable English. Many desktop publishing packages and web page editors now use Lorem Ipsum as their default model text, and a search for \'lorem ipsum\' will uncover many web sites still in their infancy. Various versions have evolved over the years, sometimes by accident, sometimes on purpose (injected humour and the like).<\\/p>\\r\\n<\\/div>\\r\\n&nbsp;\\r\\n<h2 class=\\\"where\\\"><span>Where does it come from?<\\/span><\\/h2>\\r\\n<p>Contrary to popular belief, Lorem Ipsum is not simply random text. It has roots in a piece of classical Latin literature from 45 BC, making it over 2000 years old. Richard McClintock, a Latin professor at Hampden-Sydney College in Virginia, looked up one of the more obscure Latin words, consectetur, from a Lorem Ipsum passage, and going through the cites of the word in classical literature, discovered the undoubtable source. Lorem Ipsum comes from sections 1.10.32 and 1.10.33 of \\\"de Finibus Bonorum et Malorum\\\" (The Extremes of Good and Evil) by Cicero, written in 45 BC. This book is a treatise on the theory of ethics, very popular during the Renaissance. The first line of Lorem Ipsum, \\\"Lorem ipsum dolor sit amet..\\\", comes from a line in section 1.10.32.<\\/p>\",\"description_meta_tag\":\"\"}}',2,'2008-12-23 22:37:00'),(36,'wildpost',8,'{\"WildPost\":{\"title\":\"South Park\",\"content\":\"<p>Text and text..<\\/p>\\r\\n<p><img src=\\\"\\/wildflower\\/uploads\\/Pixel_tennis_by_iTop_edition.gif\\\" alt=\\\"Pixel_tennis_by_iTop_edition.gif\\\" \\/><\\/p>\",\"description_meta_tag\":\"Google loves me.\"}}',5,'2008-12-23 23:09:13'),(37,'wildpost',10,'{\"WildPost\":[]}',1,'2008-12-23 23:17:25'),(38,'wildpost',1,'{\"WildPost\":{\"title\":\"The first post\",\"content\":\"<p>Ola <span style=\\\"text-decoration: line-through;\\\">ola<\\/span>.<\\/p>\",\"description_meta_tag\":\"Just a draft.\"}}',6,'2008-12-24 00:29:27'),(39,'wildpost',11,'{\"WildPost\":[]}',1,'2008-12-24 00:30:32'),(40,'wildpost',2,'{\"WildPost\":{\"title\":\"Git is COOL 1\",\"content\":\"<p>wildflower.categories: OK<br \\/>wildflower.categories_posts: Table is already up to date<br \\/>wildflower.comments: OK<br \\/>wildflower.messages: Table is already up to date<br \\/>wildflower.pages: OK<br \\/>wildflower.posts: Table is already up to date<br \\/>wildflower.revisions: Table is already up to date<br \\/>wildflower.schema_info: OK<br \\/>wildflower.settings: OK<br \\/>wildflower.sitemaps: Table is already up to date<br \\/>wildflower.tags: Table is already up to date<br \\/>wildflower.tags_uploads: Table is already up to date<br \\/>wildflower.uploads: OK<br \\/>wildflower.users: OK<\\/p>\\r\\n<p><img src=\\\"\\/wildflower\\/uploads\\/company-image.jpg\\\" alt=\\\"company-image.jpg\\\" \\/><img src=\\\"\\/wildflower\\/uploads\\/Good_Vibrations-1440x900.jpg\\\" alt=\\\"Good_Vibrations-1440x900.jpg\\\" \\/><\\/p>\",\"description_meta_tag\":\"\"}}',12,'2008-12-24 13:10:15'),(41,'wildpost',12,'{\"WildPost\":[]}',1,'2008-12-24 16:07:35'),(42,'wildpost',12,'{\"WildPost\":{\"title\":\"Test\",\"content\":\"<p>dasasd<\\/p>\",\"description_meta_tag\":\"\"}}',2,'2008-12-24 16:07:44'),(43,'wildpost',9,'{\"WildPost\":{\"title\":\"Meaningful contribution\",\"content\":\"<p><strong>Lorem Ipsum<\\/strong> is simply dummy text of the printing and typesetting industry. Lorem Ipsum has been the industry\'s standard dummy text ever since the 1500s, when an unknown printer took a galley of type and scrambled it to make a type specimen book. It has survived not only five centuries, but also the leap into electronic typesetting, remaining essentially unchanged. It was popularised in the 1960s with the release of Letraset sheets containing Lorem Ipsum passages, and more recently with desktop publishing software like Aldus PageMaker including versions of Lorem Ipsum.<\\/p>\\r\\n<p><img src=\\\"\\/wildflower\\/uploads\\/Pixel_tennis_by_iTop_edition.gif\\\" alt=\\\"Pixel_tennis_by_iTop_edition.gif\\\" \\/><\\/p>\\r\\n<div class=\\\"rc\\\">\\r\\n<h2 class=\\\"why\\\"><span>Why do we use it?<\\/span><\\/h2>\\r\\n<p>It is a long established fact that a reader will be distracted by the readable content of a page when looking at its layout. The point of using Lorem Ipsum is that it has a more-or-less normal distribution of letters, as opposed to using \'Content here, content here\', making it look like readable English. Many desktop publishing packages and web page editors now use Lorem Ipsum as their default model text, and a search for \'lorem ipsum\' will uncover many web sites still in their infancy. Various versions have evolved over the years, sometimes by accident, sometimes on purpose (injected humour and the like).<\\/p>\\r\\n<\\/div>\\r\\n&nbsp;\\r\\n<h2 class=\\\"where\\\"><span>Where does it come from?<\\/span><\\/h2>\\r\\n<p>Contrary to popular belief, Lorem Ipsum is not simply random text. It has roots in a piece of classical Latin literature from 45 BC, making it over 2000 years old. Richard McClintock, a Latin professor at Hampden-Sydney College in Virginia, looked up one of the more obscure Latin words, consectetur, from a Lorem Ipsum passage, and going through the cites of the word in classical literature, discovered the undoubtable source. Lorem Ipsum comes from sections 1.10.32 and 1.10.33 of \\\"de Finibus Bonorum et Malorum\\\" (The Extremes of Good and Evil) by Cicero, written in 45 BC. This book is a treatise on the theory of ethics, very popular during the Renaissance. The first line of Lorem Ipsum, \\\"Lorem ipsum dolor sit amet..\\\", comes from a line in section 1.10.32.<\\/p>\",\"description_meta_tag\":\"\"}}',3,'2008-12-24 23:58:03'),(44,'wildpost',13,'{\"WildPost\":[]}',1,'2008-12-25 00:36:24'),(45,'wildpost',14,'{\"WildPost\":[]}',1,'2008-12-25 00:37:30'),(46,'wildpost',14,'{\"WildPost\":{\"title\":\"How to handle unsaved & empty new posts\",\"content\":\"<ul>\\r\\n<li>add special status =&gt; <strong>new<\\/strong><\\/li>\\r\\n<li>don\'t display <strong>new<\\/strong> anywhere<\\/li>\\r\\n<li>remove this status on save<\\/li>\\r\\n<\\/ul>\\r\\n<p>-- or --<\\/p>\\r\\n<ul>\\r\\n<li>1.2 Beta approach -&gt; before create ask for post name<br \\/><\\/li>\\r\\n<\\/ul>\",\"description_meta_tag\":\"\"}}',2,'2008-12-25 00:40:03'),(47,'wildpost',18,'{\"WildPost\":{\"title\":\"Lorem ipsum\",\"content\":\"<p>It is a long established fact that a reader will be distracted by the readable content of a page when looking at its layout. The point of using Lorem Ipsum is that it has a more-or-less normal distribution of letters, as opposed to using \'Content here, content here\', making it look like readable English. Many desktop publishing packages and web page editors now use Lorem Ipsum as their default model text, and a search for \'lorem ipsum\' will uncover many web sites still in their infancy. Various versions have evolved over the years, sometimes by accident, sometimes on purpose (injected humour and the like).<\\/p>\\n<p>&nbsp;<img src=\\\"\\/wildflower\\/uploads\\/company-image.jpg\\\" alt=\\\"company-image.jpg\\\" \\/><\\/p>\\n<div>\\n<div class=\\\"lc\\\">\\n<p>Contrary to popular belief, Lorem Ipsum is not simply random text. It has roots in a piece of classical Latin literature from 45 BC, making it over 2000 years old. Richard McClintock, a Latin professor at Hampden-Sydney College in Virginia, looked up one of the more obscure Latin words, consectetur, from a Lorem Ipsum passage, and going through the cites of the word in classical literature, discovered the undoubtable source. Lorem Ipsum comes from sections 1.10.32 and 1.10.33 of \\\"de Finibus Bonorum et Malorum\\\" (The Extremes of Good and Evil) by Cicero, written in 45 BC. This book is a treatise on the theory of ethics, very popular during the Renaissance. The first line of Lorem Ipsum, \\\"Lorem ipsum dolor sit amet..\\\", comes from a line in section 1.10.32.<\\/p>\\n<p>The standard chunk of Lorem Ipsum used since the 1500s is reproduced below for those interested. Sections 1.10.32 and 1.10.33 from \\\"de Finibus Bonorum et Malorum\\\" by Cicero are also reproduced in their exact original form, accompanied by English versions from the 1914 translation by H. Rackham.<\\/p>\\n<\\/div>\\n<div class=\\\"rc\\\">\\n<p>There are many variations of passages of Lorem Ipsum available, but the majority have suffered alteration in some form, by injected humour, or randomised words which don\'t look even slightly believable. If you are going to use a passage of Lorem Ipsum, you need to be sure there isn\'t anything embarrassing hidden in the middle of text. All the Lorem Ipsum generators on the Internet tend to repeat predefined chunks as necessary, making this the first true generator on the Internet. It uses a dictionary of over 200 Latin words, combined with a handful of model sentence structures, to generate Lorem Ipsum which looks reasonable. The generated Lorem Ipsum is therefore always free from repetition, injected humour, or non-characteristic words etc.<\\/p>\\n<\\/div>\\n<\\/div>\\n<p>&nbsp;<\\/p>\",\"description_meta_tag\":\"\"}}',1,'2008-12-26 18:01:58'),(48,'wildpost',18,'{\"WildPost\":{\"title\":\"Lorem ipsum\",\"content\":\"<p>It is a long established fact that a reader will be distracted by the readable content of a page when looking at its layout. The point of using Lorem Ipsum is that it has a more-or-less normal distribution of letters, as opposed to using \'Content here, content here\', making it look like readable English. Many desktop publishing packages and web page editors now use Lorem Ipsum as their default model text, and a search for \'lorem ipsum\' will uncover many web sites still in their infancy. Various versions have evolved over the years, sometimes by accident, sometimes on purpose (injected humour and the like).<\\/p>\\n<p>&nbsp;<img src=\\\"\\/wildflower\\/uploads\\/company-image.jpg\\\" alt=\\\"company-image.jpg\\\" \\/><\\/p>\\n<div>\\n<div class=\\\"lc\\\">\\n<p>Contrary to popular belief, Lorem Ipsum is not simply random text. It has roots in a piece of classical Latin literature from 45 BC, making it over 2000 years old. Richard McClintock, a Latin professor at Hampden-Sydney College in Virginia, looked up one of the more obscure Latin words, consectetur, from a Lorem Ipsum passage, and going through the cites of the word in classical literature, discovered the undoubtable source. Lorem Ipsum comes from sections 1.10.32 and 1.10.33 of \\\"de Finibus Bonorum et Malorum\\\" (The Extremes of Good and Evil) by Cicero, written in 45 BC. This book is a treatise on the theory of ethics, very popular during the Renaissance. The first line of Lorem Ipsum, \\\"Lorem ipsum dolor sit amet..\\\", comes from a line in section 1.10.32.<\\/p>\\n<p>The standard chunk of Lorem Ipsum used since the 1500s is reproduced below for those interested. Sections 1.10.32 and 1.10.33 from \\\"de Finibus Bonorum et Malorum\\\" by Cicero are also reproduced in their exact original form, accompanied by English versions from the 1914 translation by H. Rackham.<\\/p>\\n<\\/div>\\n<div class=\\\"rc\\\">\\n<p>There are many variations of passages of Lorem Ipsum available, but the majority have suffered alteration in some form, by injected humour, or randomised words which don\'t look even slightly believable. If you are going to use a passage of Lorem Ipsum, you need to be sure there isn\'t anything embarrassing hidden in the middle of text. All the Lorem Ipsum generators on the Internet tend to repeat predefined chunks as necessary, making this the first true generator on the Internet. It uses a dictionary of over 200 Latin words, combined with a handful of model sentence structures, to generate Lorem Ipsum which looks reasonable. The generated Lorem Ipsum is therefore always free from repetition, injected humour, or non-characteristic words etc.<\\/p>\\n<\\/div>\\n<\\/div>\\n<p>&nbsp;<\\/p>\",\"description_meta_tag\":\"Deeescriptiooon.\"}}',2,'2008-12-26 18:10:46'),(49,'wildpost',18,'{\"WildPost\":{\"title\":\"Lorem ipsum\",\"content\":\"<p>It is a long established fact that a reader will be distracted by the readable content of a page when looking at its layout. The point of using Lorem Ipsum is that it has a more-or-less normal distribution of letters, as opposed to using \'Content here, content here\', making it look like readable English. Many desktop publishing packages and web page editors now use Lorem Ipsum as their default model text, and a search for \'lorem ipsum\' will uncover many web sites still in their infancy. Various versions have evolved over the years, sometimes by accident, sometimes on purpose (injected humour and the like).<\\/p>\\r\\n<p>&nbsp;<img src=\\\"\\/wildflower\\/uploads\\/company-image.jpg\\\" alt=\\\"company-image.jpg\\\" \\/><img src=\\\"\\/wildflower\\/uploads\\/Pixel_tennis_by_iTop_edition.gif\\\" alt=\\\"Pixel_tennis_by_iTop_edition.gif\\\" \\/><\\/p>\\r\\n<div>\\r\\n<div class=\\\"lc\\\">\\r\\n<p>Contrary to popular belief, Lorem Ipsum is not simply random text. It has roots in a piece of classical Latin literature from 45 BC, making it over 2000 years old. Richard McClintock, a Latin professor at Hampden-Sydney College in Virginia, looked up one of the more obscure Latin words, consectetur, from a Lorem Ipsum passage, and going through the cites of the word in classical literature, discovered the undoubtable source. Lorem Ipsum comes from sections 1.10.32 and 1.10.33 of \\\"de Finibus Bonorum et Malorum\\\" (The Extremes of Good and Evil) by Cicero, written in 45 BC. This book is a treatise on the theory of ethics, very popular during the Renaissance. The first line of Lorem Ipsum, \\\"Lorem ipsum dolor sit amet..\\\", comes from a line in section 1.10.32.<\\/p>\\r\\n<p>The standard chunk of Lorem Ipsum used since the 1500s is reproduced below for those interested. Sections 1.10.32 and 1.10.33 from \\\"de Finibus Bonorum et Malorum\\\" by Cicero are also reproduced in their exact original form, accompanied by English versions from the 1914 translation by H. Rackham.<\\/p>\\r\\n<\\/div>\\r\\n<div class=\\\"rc\\\">\\r\\n<p>There are many variations of passages of Lorem Ipsum available, but the majority have suffered alteration in some form, by injected humour, or randomised words which don\'t look even slightly believable. If you are going to use a passage of Lorem Ipsum, you need to be sure there isn\'t anything embarrassing hidden in the middle of text. All the Lorem Ipsum generators on the Internet tend to repeat predefined chunks as necessary, making this the first true generator on the Internet. It uses a dictionary of over 200 Latin words, combined with a handful of model sentence structures, to generate Lorem Ipsum which looks reasonable. The generated Lorem Ipsum is therefore always free from repetition, injected humour, or non-characteristic words etc.<\\/p>\\r\\n<\\/div>\\r\\n<\\/div>\\r\\n<p>&nbsp;<\\/p>\",\"description_meta_tag\":\"Deeescriptiooon.\"}}',3,'2008-12-26 18:15:45'),(50,'wildpost',18,'{\"WildPost\":{\"title\":\"Lorem ipsum\",\"content\":\"<p>It is a long established fact that a reader will be distracted by the readable content of a page when looking at its layout. The point of using Lorem Ipsum is that it has a more-or-less normal distribution of letters, as opposed to using \'Content here, content here\', making it look like readable English. Many desktop publishing packages and web page editors now use Lorem Ipsum as their default model text, and a search for \'lorem ipsum\' will uncover many web sites still in their infancy. Various versions have evolved over the years, sometimes by accident, sometimes on purpose (injected humour and the like).<\\/p>\\n<p>&nbsp;<img src=\\\"\\/wildflower\\/uploads\\/company-image.jpg\\\" alt=\\\"company-image.jpg\\\" \\/><img src=\\\"\\/wildflower\\/uploads\\/Pixel_tennis_by_iTop_edition.gif\\\" alt=\\\"Pixel_tennis_by_iTop_edition.gif\\\" \\/><\\/p>\\n<div>\\n<div class=\\\"lc\\\">\\n<p>Contrary to popular belief, Lorem Ipsum is not simply random text. It has roots in a piece of classical Latin literature from 45 BC, making it over 2000 years old. Richard McClintock, a Latin professor at Hampden-Sydney College in Virginia, looked up one of the more obscure Latin words, consectetur, from a Lorem Ipsum passage, and going through the cites of the word in classical literature, discovered the undoubtable source. Lorem Ipsum comes from sections 1.10.32 and 1.10.33 of \\\"de Finibus Bonorum et Malorum\\\" (The Extremes of Good and Evil) by Cicero, written in 45 BC. This book is a treatise on the theory of ethics, very popular during the Renaissance. The first line of Lorem Ipsum, \\\"Lorem ipsum dolor sit amet..\\\", comes from a line in section 1.10.32.<\\/p>\\n<p>The standard chunk of Lorem Ipsum used since the 1500s is reproduced below for those interested. Sections 1.10.32 and 1.10.33 from \\\"de Finibus Bonorum et Malorum\\\" by Cicero are also reproduced in their exact original form, accompanied by English versions from the 1914 translation by H. Rackham.<\\/p>\\n<\\/div>\\n<div class=\\\"rc\\\">\\n<p>There are many variations of passages of Lorem Ipsum available, but the majority have suffered alteration in some form, by injected humour, or randomised words which don\'t look even slightly believable. If you are going to use a passage of Lorem Ipsum, you need to be sure there isn\'t anything embarrassing hidden in the middle of text. All the Lorem Ipsum generators on the Internet tend to repeat predefined chunks as necessary, making this the first true generator on the Internet. It uses a dictionary of over 200 Latin words, combined with a handful of model sentence structures, to generate Lorem Ipsum which looks reasonable. The generated Lorem Ipsum is therefore always free from repetition, injected humour, or non-characteristic words etc.<\\/p>\\n<\\/div>\\n<\\/div>\\n<p>&nbsp;<\\/p>\",\"description_meta_tag\":\"Deeescriptiooon.\"}}',4,'2008-12-26 18:25:25'),(51,'wildpost',18,'{\"WildPost\":{\"title\":\"Lorem ipsum\",\"content\":\"<p>It is a long established fact that a reader will be distracted by the readable content of a page when looking at its layout. The point of using Lorem Ipsum is that it has a more-or-less normal distribution of letters, as opposed to using \'Content here, content here\', making it look like readable English. Many desktop publishing packages and web page editors now use Lorem Ipsum as their default model text, and a search for \'lorem ipsum\' will uncover many web sites still in their infancy. Various versions have evolved over the years, sometimes by accident, sometimes on purpose (injected humour and the like). Ola ola.<\\/p>\\n<p>&nbsp;<img src=\\\"\\/wildflower\\/uploads\\/company-image.jpg\\\" alt=\\\"company-image.jpg\\\" \\/><img src=\\\"\\/wildflower\\/uploads\\/Pixel_tennis_by_iTop_edition.gif\\\" alt=\\\"Pixel_tennis_by_iTop_edition.gif\\\" \\/><\\/p>\\n<div>\\n<div class=\\\"lc\\\">\\n<p>Contrary to popular belief, Lorem Ipsum is not simply random text. It has roots in a piece of classical Latin literature from 45 BC, making it over 2000 years old. Richard McClintock, a Latin professor at Hampden-Sydney College in Virginia, looked up one of the more obscure Latin words, consectetur, from a Lorem Ipsum passage, and going through the cites of the word in classical literature, discovered the undoubtable source. Lorem Ipsum comes from sections 1.10.32 and 1.10.33 of \\\"de Finibus Bonorum et Malorum\\\" (The Extremes of Good and Evil) by Cicero, written in 45 BC. This book is a treatise on the theory of ethics, very popular during the Renaissance. The first line of Lorem Ipsum, \\\"Lorem ipsum dolor sit amet..\\\", comes from a line in section 1.10.32.<\\/p>\\n<p>The standard chunk of Lorem Ipsum used since the 1500s is reproduced below for those interested. Sections 1.10.32 and 1.10.33 from \\\"de Finibus Bonorum et Malorum\\\" by Cicero are also reproduced in their exact original form, accompanied by English versions from the 1914 translation by H. Rackham.<\\/p>\\n<\\/div>\\n<div class=\\\"rc\\\">\\n<p>There are many variations of passages of Lorem Ipsum available, but the majority have suffered alteration in some form, by injected humour, or randomised words which don\'t look even slightly believable. If you are going to use a passage of Lorem Ipsum, you need to be sure there isn\'t anything embarrassing hidden in the middle of text. All the Lorem Ipsum generators on the Internet tend to repeat predefined chunks as necessary, making this the first true generator on the Internet. It uses a dictionary of over 200 Latin words, combined with a handful of model sentence structures, to generate Lorem Ipsum which looks reasonable. The generated Lorem Ipsum is therefore always free from repetition, injected humour, or non-characteristic words etc.<\\/p>\\n<\\/div>\\n<\\/div>\\n<p>&nbsp;<\\/p>\",\"description_meta_tag\":\"Deeescriptiooon.\"}}',5,'2008-12-26 18:28:16'),(52,'wildpost',18,'{\"WildPost\":{\"title\":\"Lorem ipsum 123\",\"content\":\"<p>It is a long established fact that a reader will be distracted by the readable content of a page when looking at its layout. The point of using Lorem Ipsum is that it has a more-or-less normal distribution of letters, as opposed to using \'Content here, content here\', making it look like readable English. Many desktop publishing packages and web page editors now use Lorem Ipsum as their default model text, and a search for \'lorem ipsum\' will uncover many web sites still in their infancy. Various versions have evolved over the years, sometimes by accident, sometimes on purpose (injected humour and the like). Ola ola.<\\/p>\\n<p>&nbsp;<img src=\\\"\\/wildflower\\/uploads\\/company-image.jpg\\\" alt=\\\"company-image.jpg\\\" \\/><img src=\\\"\\/wildflower\\/uploads\\/Pixel_tennis_by_iTop_edition.gif\\\" alt=\\\"Pixel_tennis_by_iTop_edition.gif\\\" \\/><\\/p>\\n<div>\\n<div class=\\\"lc\\\">\\n<p>Contrary to popular belief, Lorem Ipsum is not simply random text. It has roots in a piece of classical Latin literature from 45 BC, making it over 2000 years old. Richard McClintock, a Latin professor at Hampden-Sydney College in Virginia, looked up one of the more obscure Latin words, consectetur, from a Lorem Ipsum passage, and going through the cites of the word in classical literature, discovered the undoubtable source. Lorem Ipsum comes from sections 1.10.32 and 1.10.33 of \\\"de Finibus Bonorum et Malorum\\\" (The Extremes of Good and Evil) by Cicero, written in 45 BC. This book is a treatise on the theory of ethics, very popular during the Renaissance. The first line of Lorem Ipsum, \\\"Lorem ipsum dolor sit amet..\\\", comes from a line in section 1.10.32.<\\/p>\\n<p>The standard chunk of Lorem Ipsum used since the 1500s is reproduced below for those interested. Sections 1.10.32 and 1.10.33 from \\\"de Finibus Bonorum et Malorum\\\" by Cicero are also reproduced in their exact original form, accompanied by English versions from the 1914 translation by H. Rackham.<\\/p>\\n<\\/div>\\n<div class=\\\"rc\\\">\\n<p>There are many variations of passages of Lorem Ipsum available, but the majority have suffered alteration in some form, by injected humour, or randomised words which don\'t look even slightly believable. If you are going to use a passage of Lorem Ipsum, you need to be sure there isn\'t anything embarrassing hidden in the middle of text. All the Lorem Ipsum generators on the Internet tend to repeat predefined chunks as necessary, making this the first true generator on the Internet. It uses a dictionary of over 200 Latin words, combined with a handful of model sentence structures, to generate Lorem Ipsum which looks reasonable. The generated Lorem Ipsum is therefore always free from repetition, injected humour, or non-characteristic words etc.<\\/p>\\n<\\/div>\\n<\\/div>\\n<p>&nbsp;<\\/p>\",\"description_meta_tag\":\"Deeescriptiooon.\"}}',6,'2008-12-26 18:37:51'),(53,'wildpost',16,'{\"WildPost\":{\"title\":\"Nice CSS\",\"content\":\"<p>TinyMCE updated to 3.2.1.1<\\/p>\",\"description_meta_tag\":\"jklkjlk\"}}',1,'2008-12-26 18:40:24'),(54,'wildpage',54,'{\"WildPage\":{\"title\":\"Documentation\",\"content\":\"<p><em>This section is slowly being filled up. Please be patient.<\\/em><\\/p>\\n<h3>Who is it for?<\\/h3>\\n<p>Everyone who is able to deploy Wordpress should be able to get Wildflower up and running. However to fully enjoy and benefit from the features of this CMS, you should be competent in these areas (or willing to learn):<\\/p>\\n<ul>\\n<li>Code separation. Understand the difference between view and bussiness logic.<\\/li>\\n<li>RESTful architecture.<\\/li>\\n<li>Unit testing.<\\/li>\\n<li>The heart of Wildflower is the CakePHP framework.<\\/li>\\n<\\/ul>\\n<p>This means this system is not so much for a typical PHP hacker, but for an agile programmer that is willing to learn and adopt the best practices. We also want to have fun along the way, so the idea of the system is not to stand in your way.<\\/p>\\n<h3>Requirements<\\/h3>\\n<ul>\\n<li>Apache web server with mod_rewrite<\\/li>\\n<li>PHP 5.2+<\\/li>\\n<li>MySQL 4.1+<\\/li>\\n<li>If you want to use the <a href=\\\"http:\\/\\/code.google.com\\/p\\/ruckusing\\/\\\">Ruckusing database migrations<\\/a> you need PEAR\'s MDB2 and Log packages<\\/li>\\n<\\/ul>\\n<h3>Fresh installation<\\/h3>\\n<ol>\\n<li>Extract the archive. Place the <em>wildflower<\\/em> directory inside your web servers documents folder.<\\/li>\\n<li>Create a new MySQL database (<em>utf8_unicode_ci<\\/em> collation is strongly recommented) and into this new database import the SQL file <span style=\\\"font-style: italic;\\\">app<\\/span><em>\\/config\\/sql\\/wildflower.sql<\\/em>.<\\/li>\\n<li>Edit the <em>app\\/config\\/database.php<\\/em> file with your database connection details.<\\/li>\\n<li>You\'ve got a working copy of this site. You can start working on your project by modifying the application inside the <em>app<\\/em> directory. When a new release of Wildflower comes, you simply replace the <em>cake<\\/em>, <em>vendors<\\/em> and <em>wildflower<\\/em> directories.<\\/li>\\n<li>Access the admin area at <em>\\/admin<\\/em>. The initial login\\/password combination is <strong>admin<\\/strong>\\/<strong>admin321<\\/strong>.<\\/li>\\n<\\/ol>\\n<h3>Installing to an existing CakePHP application<\\/h3>\\n<ol>\\n<li>Extract the archive and place the <em>wildflower\\/wildflower<\\/em> directory inside your application root.<\\/li>\\n<li>Just include the Wildflower <em>bootstrap.php<\\/em> file located at <em>\\/wildflower\\/config\\/bootstrap.php<\\/em> in your <em>\\/app\\/config\\/bootstrap.php<\\/em>.<\\/li>\\n<li>Load the SQL dump file <em>app\\/config\\/sql\\/wildflower.sql<\\/em>&nbsp;into your database.<\\/li>\\n<li>Set up some routes. Check the <em>wildflower\\/config\\/routes.php<\\/em> file for the default WF routes.<\\/li>\\n<li>Your app_controller, app_model and app_helper files should extend WildflowerController, WildflowerModel and WildflowerHelper.<\\/li>\\n<li>Copy <em>app\\/webroot\\/css\\/wfadmin<\\/em> from the archive to your <em>app\\/webroot\\/css<\\/em>.<\\/li>\\n<\\/ol>\\n<h3>Basic principles<\\/h3>\\n<p>A modern website usually consist of \\\"static\\\" pages, news or blog sections, contact form, provides RSS feeds and a number of features, specific to the site\'s aim or goal. The idea of Wildflower is to provide this common functionality, with a polished and user friendly interface and enable the programmer to effectively code the remaining specific features of the site, fully exploiting the PHP rapid development framework--CakePHP.<\\/p>\\n<p>Wildflower uses the additional MVC paths feature of the CakePHP framework. It sits in it\'s own directory inside the application root. This allows the user to create application specific controllers, models or views in her <em>\\/app<\\/em> directory. By mirroring any view file from the wildflower\\/views folder inside app\\/views you can override the default Wildflower files. This is a great way to customize any aspect of the CMS, especially extending the admin interface with additional sections or customizing existing ones to the site\'s needs without touching the original Wildflower code.<\\/p>\\n<h3>A real world example of building a site with some custom functionality<\\/h3>\\n<p>Imagine you want to build a simple site with the following requirements:<\\/p>\\n<ul>\\n<li>Content managed \\\"static\\\" pages<\\/li>\\n<li>Contact form<\\/li>\\n<li>Home page with four boxes with different content and each content managed<\\/li>\\n<\\/ul>\\n<p>The first two requirements you\'ve got out of the box. For the third one we\'ll create a new section in the admin interface and build our own model\\/view\\/controller that will handle the custom functionality.<\\/p>\\n<h4>Step 1: Create a new database table<\\/h4>\\n<p>Let\'s create a very basic table to hold our data.<\\/p>\\n<p><code>CREATE TABLE home_page_boxes (<br \\/> &nbsp; id int(11) unsigned NOT NULL auto_increment,<br \\/> &nbsp; content text,<br \\/> &nbsp; PRIMARY KEY&nbsp; (id)<br \\/> );<\\/code><\\/p>\\n<p>We\'ll be using 4 table rows to represent our boxes. Insert those right away:<\\/p>\\n<p><code>INSERT INTO home_page_boxes (id, content) VALUES(1, \'Box 1 content.\');<br \\/> INSERT INTO home_page_boxes (id, content) VALUES(2, \'Box 2 content.\');<br \\/> INSERT INTO home_page_boxes (id, content) VALUES(3, \'Box 3 content.\');<br \\/> INSERT INTO home_page_boxes (id, content) VALUES(4, \'Box 4 content.\');<\\/code><\\/p>\\n<h4>Step 2: Create the MVC files<\\/h4>\\n<p>For this simple example we actually don\'t need to create any model file, since CakePHP supports <a href=\\\"http:\\/\\/www.littlehart.net\\/atthekeyboard\\/2008\\/08\\/05\\/dynamic-models-in-cakephp-12\\/\\\">dynamic models<\\/a>. So let\'s create our controller. We\'ll create a file in <em>app\\/controllers\\/<\\/em> called <em>home_page_boxes_controller.php<\\/em> and put some code into it:<\\/p>\\n<pre>&lt;?php<br \\/>class HomePageBoxesController extends AppController {<br \\/>&nbsp;&nbsp;&nbsp; <br \\/>&nbsp;&nbsp;&nbsp; function beforeFilter() {<br \\/>&nbsp;&nbsp;&nbsp;&nbsp;&nbsp;&nbsp;&nbsp; parent::beforeFilter();<br \\/>&nbsp;&nbsp;&nbsp;&nbsp;&nbsp;&nbsp;&nbsp; $this-&gt;pageTitle = \'Home\';<br \\/>&nbsp;&nbsp;&nbsp; }<br \\/><br \\/>&nbsp;&nbsp;&nbsp; function admin_index() {<br \\/>&nbsp;&nbsp;&nbsp;&nbsp;&nbsp;&nbsp;&nbsp; $boxes = $this-&gt;HomePageBox-&gt;find(\'all\', \'id IN (1, 2, 3, 4)\');<br \\/>&nbsp;&nbsp;&nbsp;&nbsp;&nbsp;&nbsp;&nbsp; $this-&gt;set(compact(\'boxes\'));<br \\/>&nbsp;&nbsp;&nbsp; }<br \\/>&nbsp;&nbsp;&nbsp; <br \\/>&nbsp;&nbsp;&nbsp; function admin_update() {<br \\/>&nbsp;&nbsp;&nbsp;&nbsp;&nbsp;&nbsp;&nbsp; foreach ($this-&gt;data[\'HomePageBox\'] as $name =&gt; $content) {<br \\/>&nbsp;&nbsp;&nbsp;&nbsp;&nbsp;&nbsp;&nbsp;&nbsp;&nbsp;&nbsp;&nbsp; $id = explode(\'-\', $name);<br \\/>&nbsp;&nbsp;&nbsp;&nbsp;&nbsp;&nbsp;&nbsp;&nbsp;&nbsp;&nbsp;&nbsp; $id = intval(array_pop($id));<br \\/>&nbsp;&nbsp;&nbsp;&nbsp;&nbsp;&nbsp;&nbsp;&nbsp;&nbsp;&nbsp;&nbsp; $data[\'HomePageBox\'] = array(\'id\' =&gt; $id, \'content\' =&gt; $content);<br \\/>&nbsp;&nbsp;&nbsp;&nbsp;&nbsp;&nbsp;&nbsp;&nbsp;&nbsp;&nbsp;&nbsp; $this-&gt;HomePageBox-&gt;create($data);<br \\/>&nbsp;&nbsp;&nbsp;&nbsp;&nbsp;&nbsp;&nbsp;&nbsp;&nbsp;&nbsp;&nbsp; $this-&gt;HomePageBox-&gt;save(); <br \\/>&nbsp;&nbsp;&nbsp;&nbsp;&nbsp;&nbsp;&nbsp; }<br \\/>&nbsp;&nbsp;&nbsp;&nbsp;&nbsp;&nbsp;&nbsp; $this-&gt;redirect(array(\'action\' =&gt; \'index\'));<br \\/>&nbsp;&nbsp;&nbsp; }<br \\/>&nbsp;&nbsp;&nbsp; <br \\/>&nbsp;&nbsp;&nbsp; function index() {<br \\/>&nbsp;&nbsp;&nbsp;&nbsp;&nbsp;&nbsp;&nbsp; $boxes = $this-&gt;HomePageBox-&gt;find(\'all\', \'id IN (1, 2, 3, 4)\');<br \\/>&nbsp;&nbsp;&nbsp;&nbsp;&nbsp;&nbsp;&nbsp; $this-&gt;set(compact(\'boxes\'));<br \\/>&nbsp;&nbsp;&nbsp; }<br \\/>&nbsp;&nbsp;&nbsp; <br \\/>}<br \\/><\\/pre>\\n<p>This code handles populating the the homepage and the admin section with data and updating (saving) new content in the admin section. Let\'s create the view files. Create a new folder called <em>home_page_boxes<\\/em> under <em>app\\/views\\/<\\/em> . Under this folder add <em>admin_index.ctp<\\/em> and <em>index.ctp<\\/em> files.<\\/p>\\n<p><em>admin_index.ctp<\\/em> could look like this:<\\/p>\\n<pre>&lt;h2&gt;Homepage Boxes&lt;\\/h2&gt;<br \\/><br \\/>&lt;?php<br \\/>    echo $form-&gt;create(\'HomePageBox\', array(\'action\' =&gt; \'update\'));<br \\/>    <br \\/>    for ($i = 0; $i &lt; 4; $i++) {<br \\/>        echo <br \\/>        $form-&gt;input(\\\"content-{$boxes[$i][\'HomePageBox\'][\'id\']}\\\", <br \\/>            array(\'type\' =&gt; \'textbox\', <br \\/>                    \'value\' =&gt; $boxes[$i][\'HomePageBox\'][\'content\'], <br \\/>                    \'label\' =&gt; \'Box \' . ($i + 1), \'between\' =&gt; \'&lt;br \\/&gt;\', \'class\' =&gt; \'box-fck\')),<br \\/>        $form-&gt;submit(\'Save\');<br \\/>    }<br \\/>    <br \\/>    echo $form-&gt;end();<br \\/>?&gt;<br \\/><\\/pre>\\n<p>This will create an admin page with four TinyMCE editors each handling one box. Let\'s take a look at the <em>index.ctp<\\/em> file:<\\/p>\\n<pre>&lt;?php foreach ($boxes as $box) { ?&gt;<br \\/><br \\/>&lt;div class=\\\"home-box\\\"&gt;<br \\/>    &lt;?php echo $box[\'HomePageBox\'][\'content\'] ?&gt;<br \\/>&lt;\\/div&gt;<br \\/><br \\/>&lt;?php } ?&gt;<br \\/><\\/pre>\\n<p>This will display the four boxes and their content.<\\/p>\\n<p>Now <strong>copy<\\/strong> the <em>\\/wildflower\\/views\\/layout\\/admin_default.ctp<\\/em> to <em>\\/app\\/views\\/layouts\\/<\\/em> . There you can modify the file and add a link to our new home page boxes admin screen to the admin main menu. I\'ll leave this step to you. Remember: <strong>Every Wildflower view file that you mirror inside your app\\/views will be used instead of the original<\\/strong>.<\\/p>\\n<h4>Step 3: Routes<\\/h4>\\n<p>Finally we need to let Cake know that we want to display the HomePageBoxesController::index() action when browsing to <em>your-site.com <\\/em>root. Modify the first two routes in <em>app\\/config\\/routes.php<\\/em> like this:<\\/p>\\n<pre>Router::connect(\'\\/\', array(\'controller\' =&gt; \'home_page_boxes\', \'action\' =&gt; \'index\'));<br \\/>Router::connect(\'\\/app\\/webroot\\/\', array(\'controller\' =&gt; \'home_page_boxes\', \'action\' =&gt; \'index\'));<br \\/><\\/pre>\\n<p>Maybe you\'re wondering about the second route. On some server configurations Cake incorrectly detects the site root (\\/) as <em>\\/app\\/webroot<\\/em> . This fixes it. If you don\'t experience this problem (the home page works fine without the second route) you can remove the route.<\\/p>\\n<p>As you can see, Wildflower enables you to use all the CakePHP power together with the out of the box functionality.<\\/p>\",\"description_meta_tag\":\"yadayada\"}}',1,'2008-12-26 18:58:54'),(55,'wildpage',116,'{\"WildPage\":{\"title\":\"TODO, Enhancements\",\"content\":\"<ul>\\n<li>Add keyboard shortcuts - like alt-A go to index...etc.<\\/li>\\n<li>Shift click on list to select more items<\\/li>\\n<li>Pages list drag and drop<\\/li>\\n<li>JLM compression<\\/li>\\n<li>File manager folders<\\/li>\\n<\\/ul>\\n<p><img src=\\\"\\/wildflower\\/img\\/thumb\\/The_night_is_coming-1400x1050.jpg\\/120\\/120\\/1\\\" alt=\\\"\\\" \\/><\\/p>\",\"description_meta_tag\":\"\"}}',1,'2008-12-26 19:01:17'),(56,'wildpage',167,'{\"WildPage\":{\"title\":\"Vrann\\u00e9 kone\",\"content\":\"<p>Lorem ipsum. Vrann&eacute; kone.<\\/p>\",\"description_meta_tag\":\"\"}}',1,'2008-12-26 19:01:45'),(57,'wildpost',19,'{\"WildPost\":[]}',1,'2008-12-27 00:30:24'),(58,'wildpost',19,'{\"WildPost\":{\"title\":\"@todo: Investigate Auth cookie expire time\",\"content\":\"\",\"description_meta_tag\":\"\"}}',2,'2008-12-27 00:30:42'),(59,'wildpost',20,'{\"WildPost\":[]}',1,'2008-12-27 00:32:34'),(60,'wildpost',20,'{\"WildPost\":{\"title\":\"@todo: Add category management to Post categorize screen\",\"content\":\"\",\"description_meta_tag\":\"\"}}',2,'2008-12-27 00:33:55'),(61,'wildpost',21,'{\"WildPost\":[]}',1,'2008-12-27 00:37:30'),(62,'wildpost',21,'{\"WildPost\":{\"title\":\"@todo: Try search with 10 000 posts\",\"content\":\"\",\"description_meta_tag\":\"\"}}',2,'2008-12-27 00:37:48'),(63,'wildpost',19,'{\"WildPost\":{\"title\":\"@todo: Investigate Auth cookie expire time\",\"content\":\"<p>123<\\/p>\",\"description_meta_tag\":\"\"}}',3,'2008-12-27 00:43:51'),(64,'wildpost',19,'{\"WildPost\":{\"title\":\"@todo: Investigate Auth cookie expire time\",\"content\":\"<p>123 saddsa<\\/p>\",\"description_meta_tag\":\"\"}}',4,'2008-12-27 12:43:05'),(65,'wildpost',20,'{\"WildPost\":[]}',3,'2008-12-27 13:33:16'),(66,'wildpost',20,'{\"WildPost\":{\"title\":\"@todo: Add category management to Post categorize screen\",\"content\":\"\",\"description_meta_tag\":\"\"}}',4,'2008-12-27 13:35:20'),(67,'wildpost',20,'{\"WildPost\":[]}',5,'2008-12-27 13:35:43'),(68,'wildpost',20,'{\"WildPost\":{\"title\":\"@todo: Add category management to Post categorize screen\",\"content\":\"\",\"description_meta_tag\":\"\"}}',6,'2008-12-27 13:38:09'),(69,'wildpost',20,'{\"WildPost\":[]}',7,'2008-12-27 13:39:00'),(70,'wildpost',20,'{\"WildPost\":{\"title\":\"@todo: Add category management to Post categorize screen\",\"content\":\"<p>Hello world.<\\/p>\",\"description_meta_tag\":\"\"}}',8,'2008-12-27 13:39:14'),(71,'wildpost',20,'{\"WildPost\":[]}',9,'2008-12-27 13:39:23'),(72,'wildpage',116,'{\"WildPage\":{\"title\":\"TODOs & Enhancements\",\"content\":\"<ul>\\r\\n<li>Add keyboard shortcuts - like alt-A go to index...etc.<\\/li>\\r\\n<li>Shift click on list to select more items<\\/li>\\r\\n<li>Pages list drag and drop<\\/li>\\r\\n<li>JLM compression<\\/li>\\r\\n<li>File manager folders<\\/li>\\r\\n<\\/ul>\\r\\n<p><img src=\\\"\\/wildflower\\/img\\/thumb\\/The_night_is_coming-1400x1050.jpg\\/120\\/120\\/1\\\" alt=\\\"\\\" \\/><\\/p>\",\"description_meta_tag\":\"\"}}',2,'2008-12-27 13:40:27'),(73,'wildpage',116,'{\"WildPage\":{\"title\":\"TODOs & Enhancements\",\"content\":\"<ul>\\n<li>Add keyboard shortcuts - like alt-A go to index...etc.<\\/li>\\n<li>Shift click on list to select more items<\\/li>\\n<li>Pages list drag and drop<\\/li>\\n<li>JLM compression<\\/li>\\n<li>File manager folders<\\/li>\\n<\\/ul>\\n<p><img src=\\\"\\/wildflower\\/img\\/thumb\\/The_night_is_coming-1400x1050.jpg\\/120\\/120\\/1\\\" alt=\\\"\\\" \\/><\\/p>\",\"description_meta_tag\":\"\"}}',3,'2008-12-27 13:40:33'),(74,'wildpost',22,'{\"WildPost\":[]}',1,'2008-12-27 13:40:40'),(75,'wildpost',22,'{\"WildPost\":{\"title\":\"@todo: Add Publish\\/Unpublish link to post-info\",\"content\":\"\",\"description_meta_tag\":\"\"}}',2,'2008-12-27 13:41:00'),(76,'wildpost',22,'{\"WildPost\":{\"title\":\"@todo: Add Unpublish link to post-info\",\"content\":\"\",\"description_meta_tag\":\"\"}}',3,'2008-12-27 13:41:22'),(77,'wildpost',22,'{\"WildPost\":[]}',4,'2008-12-27 13:59:24'),(78,'wildpost',23,'{\"WildPost\":[]}',1,'2008-12-27 15:05:02'),(79,'wildpost',23,'{\"WildPost\":{\"title\":\"@todo: Deselecting all categories and saving does not work as expected\",\"content\":\"\",\"description_meta_tag\":\"\"}}',2,'2008-12-27 15:05:30'),(80,'wildpost',23,'{\"WildPost\":[]}',3,'2008-12-27 15:06:19'),(81,'wildpost',22,'{\"WildPost\":{\"title\":\"@todo: Add Unpublish link to post-info\",\"content\":\"<p>dsadsa<\\/p>\",\"description_meta_tag\":\"\"}}',5,'2008-12-27 15:24:42'),(82,'wildpost',22,'{\"WildPost\":[]}',6,'2008-12-27 15:25:23'),(83,'wildpost',22,'{\"WildPost\":{\"title\":\"@todo: Add Unpublish link to post-info\",\"content\":\"<p>dsadsa<\\/p>\",\"description_meta_tag\":\"\"}}',7,'2008-12-27 15:27:51'),(84,'wildpost',22,'{\"WildPost\":[]}',8,'2008-12-27 15:42:15'),(85,'wildpost',17,'{\"WildPost\":[]}',1,'2008-12-27 16:56:06'),(86,'wildpost',22,'{\"WildPost\":{\"description_meta_tag\":\"Make this a draft.\"}}',9,'2008-12-27 19:33:31'),(87,'wildpost',22,'{\"WildPost\":{\"title\":\"@todo: Add Unpublish link to post-info\",\"content\":\"<p>dsadsa dsada<\\/p>\"}}',10,'2008-12-27 19:34:03'),(88,'wildpost',22,'{\"WildPost\":[]}',11,'2008-12-27 19:55:53'),(89,'wildpost',23,'{\"WildPost\":{\"description_meta_tag\":\"\"}}',4,'2008-12-27 20:06:54'),(90,'wildpost',23,'{\"WildPost\":[]}',5,'2008-12-27 20:07:08'),(91,'wildpost',17,'{\"WildPost\":{\"title\":\"A Draft\",\"content\":\"<p>ghjjhhjghgj<img src=\\\"\\/wildflower\\/uploads\\/Good_Vibrations-1440x900.jpg\\\" alt=\\\"Good_Vibrations-1440x900.jpg\\\" \\/><\\/p>\"}}',2,'2008-12-27 20:17:56'),(92,'wildpost',17,'{\"WildPost\":{\"description_meta_tag\":\"\"}}',3,'2008-12-27 20:18:09'),(93,'wildpost',17,'{\"WildPost\":[]}',4,'2008-12-27 20:20:51'),(94,'wildpost',17,'{\"WildPost\":{\"title\":\"A Draft\",\"content\":\"<p>ghjjhhjghgj<\\/p>\\n<p><img src=\\\"\\/wildflower\\/uploads\\/Pixel_tennis_by_iTop_edition.gif\\\" alt=\\\"Pixel_tennis_by_iTop_edition.gif\\\" \\/><\\/p>\"}}',5,'2008-12-27 20:21:19'),(95,'wildpost',17,'{\"WildPost\":{\"description_meta_tag\":\"\"}}',6,'2008-12-27 20:21:31'),(96,'wildpost',17,'{\"WildPost\":{\"title\":\"A Draft\",\"content\":\"<p>ghjjhhjghgj<\\/p>\\n<p><img src=\\\"\\/wildflower\\/uploads\\/Pixel_tennis_by_iTop_edition.gif\\\" alt=\\\"Pixel_tennis_by_iTop_edition.gif\\\" \\/><\\/p>\"}}',7,'2008-12-27 20:21:35'),(97,'wildpost',17,'{\"WildPost\":[]}',8,'2008-12-27 20:21:47'),(98,'wildpost',22,'{\"WildPost\":{\"title\":\"@todo: Add Unpublish link to post-info\",\"content\":\"<p>dsadsa dsada<\\/p>\"}}',12,'2008-12-27 20:34:29'),(99,'wildpost',23,'{\"WildPost\":{\"title\":\"@todo: Deselecting all categories and saving does not work as expected\",\"content\":\"\"}}',6,'2008-12-27 21:02:35'),(100,'wildpost',23,'{\"WildPost\":{\"description_meta_tag\":\"\"}}',7,'2008-12-27 21:03:08'),(101,'wildpost',23,'{\"WildPost\":{\"title\":\"@todo: Deselecting all categories and saving does not work as expected\",\"content\":\"<p>dsada<\\/p>\"}}',8,'2008-12-27 21:03:16'),(102,'wildpost',23,'{\"WildPost\":[]}',9,'2008-12-27 21:07:03'),(103,'wildpost',21,'{\"WildPost\":{\"description_meta_tag\":\"\"}}',3,'2008-12-27 21:33:01'),(104,'wildpost',21,'{\"WildPost\":[]}',4,'2008-12-27 21:33:11'),(105,'wildpost',21,'{\"WildPost\":{\"title\":\"@todo: Try search with 10 000 posts\",\"content\":\"<p>gfdgdfg<\\/p>\"}}',5,'2008-12-27 21:33:45'),(106,'wildpost',18,'{\"WildPost\":[]}',7,'2008-12-27 21:36:09'),(107,'wildpost',24,'{\"WildPost\":[]}',1,'2008-12-27 21:37:40'),(108,'wildpost',25,'{\"WildPost\":[]}',1,'2008-12-28 09:41:21'),(109,'wildpost',26,'{\"WildPost\":[]}',1,'2008-12-28 09:42:15'),(110,'wildpost',27,'{\"WildPost\":{\"title\":\"Don fantasticky pes\"}}',1,'2008-12-28 10:08:17'),(111,'wildpost',27,'{\"WildPost\":{\"title\":\"Don fantasticky pes\",\"content\":\"<p>Finally focused.<\\/p>\"}}',2,'2008-12-28 10:52:06'),(112,'wildpost',27,'{\"WildPost\":[]}',3,'2008-12-28 10:52:24'),(113,'wildpost',28,'{\"WildPost\":{\"title\":\"Lots of Javascript\"}}',1,'2008-12-28 10:53:55'),(114,'wildpost',29,'{\"WildPost\":{\"title\":\"War in heaven\"}}',1,'2008-12-28 10:55:28'),(115,'wildpost',29,'{\"WildPost\":{\"title\":\"War in heaven\",\"content\":\"<p>is fast<\\/p>\"}}',2,'2008-12-28 10:55:52'),(116,'wildpost',30,'{\"WildPost\":{\"title\":\"Saving\"}}',1,'2008-12-28 10:56:54'),(117,'wildpost',31,'{\"WildPost\":{\"title\":\"It\'s all about saving\"}}',1,'2008-12-28 10:57:44'),(118,'wildpost',28,'{\"WildPost\":[]}',2,'2008-12-28 10:58:11'),(119,'wildpost',32,'{\"WildPost\":[]}',1,'2008-12-28 11:57:07'),(120,'wildpost',33,'{\"WildPost\":{\"title\":\"Hello dolly\"}}',1,'2008-12-28 12:28:49'),(121,'wildpost',33,'{\"WildPost\":{\"title\":\"Hello dolly\",\"content\":\"<p>I am happy this works.<\\/p>\"}}',2,'2008-12-28 12:29:06'),(122,'wildpost',33,'{\"WildPost\":[]}',3,'2008-12-28 12:29:32'),(123,'wildpage',172,'{\"WildPage\":{\"title\":\"Create works\"}}',1,'2008-12-28 13:02:26'),(124,'wildpage',172,'{\"WildPage\":{\"title\":\"Create works\",\"content\":\"<p>yes<\\/p>\",\"description_meta_tag\":\"\"}}',2,'2008-12-28 13:02:35'),(125,'wildpage',173,'{\"WildPage\":{\"title\":\"With children too\"}}',1,'2008-12-28 13:06:56'),(126,'wildpage',173,'{\"WildPage\":{\"title\":\"With children too\",\"content\":\"\",\"description_meta_tag\":\"\"}}',2,'2008-12-28 13:07:02'),(127,'wildpage',173,'{\"WildPage\":{\"title\":\"With children too\",\"content\":\"<p><a id=\\\"top\\\" name=\\\"top\\\"><\\/a><\\/p>\\n<h1 class=\\\"firstHeading\\\">API\\/1.2\\/Traversing<\\/h1>\\n<h3 id=\\\"siteSub\\\">From jQuery JavaScript Library<\\/h3>\\n<div id=\\\"contentSub\\\">(Redirected from <a title=\\\"Traversing\\\" href=\\\"http:\\/\\/docs.jquery.com\\/index.php?title=Traversing&amp;redirect=no\\\">Traversing<\\/a>)<\\/div>\\n<div id=\\\"jump-to-nav\\\">Jump to: <a href=\\\"http:\\/\\/docs.jquery.com\\/Traversing#column-one\\\">navigation<\\/a>, <a href=\\\"http:\\/\\/docs.jquery.com\\/Traversing#searchInput\\\">search<\\/a><\\/div>\\n<!-- start content --> \\n<table class=\\\"options examples\\\" border=\\\"0\\\" cellspacing=\\\"0\\\">\\n<thead>\\n<tr>\\n<th>Name<\\/th><th>Type<\\/th>\\n<\\/tr>\\n<\\/thead>\\n<tbody>\\n<\\/tbody>\\n<\\/table>\\n<p><strong class=\\\"options\\\">Filtering:<\\/strong><\\/p>\\n<p>&nbsp;<\\/p>\\n<p>&nbsp;<\\/p>\\n<p>&nbsp;<\\/p>\\n<p>&nbsp;<\\/p>\\n<p>&nbsp;<\\/p>\\n<p>&nbsp;<\\/p>\\n<p>&nbsp;<\\/p>\\n<table class=\\\"options examples\\\" border=\\\"0\\\" cellspacing=\\\"0\\\">\\n<thead>\\n<tr>\\n<th>Name<\\/th><th>Type<\\/th>\\n<\\/tr>\\n<\\/thead>\\n<tbody>\\n<tr class=\\\"option\\\">\\n<td><strong><a title=\\\"Traversing\\/eq\\\" href=\\\"http:\\/\\/docs.jquery.com\\/Traversing\\/eq#index\\\">eq(&nbsp;index )<\\/a><\\/strong><\\/td>\\n<td class=\\\"default\\\"><strong>Returns:<\\/strong> <span>jQuery<\\/span><\\/td>\\n<\\/tr>\\n<tr>\\n<td class=\\\"desc\\\" colspan=\\\"2\\\">Reduce the set of matched elements to a single element.<\\/td>\\n<\\/tr>\\n<tr class=\\\"option\\\">\\n<td><strong><a title=\\\"Traversing\\/hasClass\\\" href=\\\"http:\\/\\/docs.jquery.com\\/Traversing\\/hasClass#class\\\">hasClass(&nbsp;class )<\\/a><\\/strong><\\/td>\\n<td class=\\\"default\\\"><strong>Returns:<\\/strong> <span><a href=\\\"http:\\/\\/docs.jquery.com\\/Types#Boolean\\\">Boolean<\\/a><\\/span><\\/td>\\n<\\/tr>\\n<tr>\\n<td class=\\\"desc\\\" colspan=\\\"2\\\">Checks the current selection against a class and returns true, if at least one element of the selection has the given class.<\\/td>\\n<\\/tr>\\n<tr class=\\\"option\\\">\\n<td><strong><a title=\\\"Traversing\\/filter\\\" href=\\\"http:\\/\\/docs.jquery.com\\/Traversing\\/filter#expr\\\">filter(&nbsp;expr )<\\/a><\\/strong><\\/td>\\n<td class=\\\"default\\\"><strong>Returns:<\\/strong> <span>jQuery<\\/span><\\/td>\\n<\\/tr>\\n<tr>\\n<td class=\\\"desc\\\" colspan=\\\"2\\\">Removes all elements from the set of matched elements that do not match the specified expression(s).<\\/td>\\n<\\/tr>\\n<tr class=\\\"option\\\">\\n<td><strong><a title=\\\"Traversing\\/filter\\\" href=\\\"http:\\/\\/docs.jquery.com\\/Traversing\\/filter#fn\\\">filter(&nbsp;fn )<\\/a><\\/strong><\\/td>\\n<td class=\\\"default\\\"><strong>Returns:<\\/strong> <span>jQuery<\\/span><\\/td>\\n<\\/tr>\\n<tr>\\n<td class=\\\"desc\\\" colspan=\\\"2\\\">Removes all elements from the set of matched elements that do not match the specified function.<\\/td>\\n<\\/tr>\\n<tr class=\\\"option\\\">\\n<td><strong><a title=\\\"Traversing\\/is\\\" href=\\\"http:\\/\\/docs.jquery.com\\/Traversing\\/is#expr\\\">is(&nbsp;expr )<\\/a><\\/strong><\\/td>\\n<td class=\\\"default\\\"><strong>Returns:<\\/strong> <span><a href=\\\"http:\\/\\/docs.jquery.com\\/Types#Boolean\\\">Boolean<\\/a><\\/span><\\/td>\\n<\\/tr>\\n<tr>\\n<td class=\\\"desc\\\" colspan=\\\"2\\\">Checks the current selection against an expression and returns true, if at least one element of the selection fits the given expression.<\\/td>\\n<\\/tr>\\n<tr class=\\\"option\\\">\\n<td><strong><a title=\\\"Traversing\\/map\\\" href=\\\"http:\\/\\/docs.jquery.com\\/Traversing\\/map#callback\\\">map(&nbsp;callback )<\\/a><\\/strong><\\/td>\\n<td class=\\\"default\\\"><strong>Returns:<\\/strong> <span>jQuery<\\/span><\\/td>\\n<\\/tr>\\n<tr>\\n<td class=\\\"desc\\\" colspan=\\\"2\\\">Translate a set of elements in the jQuery object into another set of values in a jQuery array (which may, or may not contain elements).<\\/td>\\n<\\/tr>\\n<tr class=\\\"option\\\">\\n<td><strong><a title=\\\"Traversing\\/not\\\" href=\\\"http:\\/\\/docs.jquery.com\\/Traversing\\/not#expr\\\">not(&nbsp;expr )<\\/a><\\/strong><\\/td>\\n<td class=\\\"default\\\"><strong>Returns:<\\/strong> <span>jQuery<\\/span><\\/td>\\n<\\/tr>\\n<tr>\\n<td class=\\\"desc\\\" colspan=\\\"2\\\">Removes elements matching the specified expression from the set of matched elements.<\\/td>\\n<\\/tr>\\n<tr class=\\\"option\\\">\\n<td><strong><a title=\\\"Traversing\\/slice\\\" href=\\\"http:\\/\\/docs.jquery.com\\/Traversing\\/slice#startend\\\">slice(&nbsp;start,&nbsp;<span class=\\\"optional\\\">end<\\/span> )<\\/a><\\/strong><\\/td>\\n<td class=\\\"default\\\"><strong>Returns:<\\/strong> <span>jQuery<\\/span><\\/td>\\n<\\/tr>\\n<tr>\\n<td class=\\\"desc\\\" colspan=\\\"2\\\">Selects a subset of the matched elements.<\\/td>\\n<\\/tr>\\n<\\/tbody>\\n<\\/table>\",\"description_meta_tag\":\"\"}}',3,'2008-12-28 13:07:20'),(128,'wildpage',173,'{\"WildPage\":{\"title\":\"With children too\",\"content\":\"<p>API\\/1.2\\/Traversing<\\/p>\\n<h3 id=\\\"siteSub\\\">From jQuery JavaScript Library<\\/h3>\\n<div id=\\\"contentSub\\\">(Redirected from <a title=\\\"Traversing\\\" href=\\\"http:\\/\\/docs.jquery.com\\/index.php?title=Traversing&amp;redirect=no\\\">Traversing<\\/a>)<\\/div>\\n<div id=\\\"jump-to-nav\\\">Jump to: <a href=\\\"http:\\/\\/docs.jquery.com\\/Traversing#column-one\\\">navigation<\\/a>, <a href=\\\"http:\\/\\/docs.jquery.com\\/Traversing#searchInput\\\">search<\\/a><\\/div>\\n<!-- start content --> \\n<table class=\\\"options examples\\\" border=\\\"0\\\" cellspacing=\\\"0\\\">\\n<thead>\\n<tr>\\n<th>Name<\\/th><th>Type<\\/th>\\n<\\/tr>\\n<\\/thead>\\n<tbody>\\n<\\/tbody>\\n<\\/table>\\n<table class=\\\"options examples\\\" border=\\\"0\\\" cellspacing=\\\"0\\\">\\n<thead>\\n<tr>\\n<th>Name<\\/th><th>Type<\\/th>\\n<\\/tr>\\n<\\/thead>\\n<tbody>\\n<tr class=\\\"option\\\">\\n<td><strong><a title=\\\"Traversing\\/eq\\\" href=\\\"http:\\/\\/docs.jquery.com\\/Traversing\\/eq#index\\\">eq(&nbsp;index )<\\/a><\\/strong><\\/td>\\n<td class=\\\"default\\\"><strong>Returns:<\\/strong> <span>jQuery<\\/span><\\/td>\\n<\\/tr>\\n<tr>\\n<td class=\\\"desc\\\" colspan=\\\"2\\\">Reduce the set of matched elements to a single element.<\\/td>\\n<\\/tr>\\n<tr class=\\\"option\\\">\\n<td><strong><a title=\\\"Traversing\\/hasClass\\\" href=\\\"http:\\/\\/docs.jquery.com\\/Traversing\\/hasClass#class\\\">hasClass(&nbsp;class )<\\/a><\\/strong><\\/td>\\n<td class=\\\"default\\\"><strong>Returns:<\\/strong> <span><a href=\\\"http:\\/\\/docs.jquery.com\\/Types#Boolean\\\">Boolean<\\/a><\\/span><\\/td>\\n<\\/tr>\\n<tr>\\n<td class=\\\"desc\\\" colspan=\\\"2\\\">Checks the current selection against a class and returns true, if at least one element of the selection has the given class.<\\/td>\\n<\\/tr>\\n<tr class=\\\"option\\\">\\n<td><strong><a title=\\\"Traversing\\/filter\\\" href=\\\"http:\\/\\/docs.jquery.com\\/Traversing\\/filter#expr\\\">filter(&nbsp;expr )<\\/a><\\/strong><\\/td>\\n<td class=\\\"default\\\"><strong>Returns:<\\/strong> <span>jQuery<\\/span><\\/td>\\n<\\/tr>\\n<tr>\\n<td class=\\\"desc\\\" colspan=\\\"2\\\">Removes all elements from the set of matched elements that do not match the specified expression(s).<\\/td>\\n<\\/tr>\\n<tr class=\\\"option\\\">\\n<td><strong><a title=\\\"Traversing\\/filter\\\" href=\\\"http:\\/\\/docs.jquery.com\\/Traversing\\/filter#fn\\\">filter(&nbsp;fn )<\\/a><\\/strong><\\/td>\\n<td class=\\\"default\\\"><strong>Returns:<\\/strong> <span>jQuery<\\/span><\\/td>\\n<\\/tr>\\n<tr>\\n<td class=\\\"desc\\\" colspan=\\\"2\\\">Removes all elements from the set of matched elements that do not match the specified function.<\\/td>\\n<\\/tr>\\n<tr class=\\\"option\\\">\\n<td><strong><a title=\\\"Traversing\\/is\\\" href=\\\"http:\\/\\/docs.jquery.com\\/Traversing\\/is#expr\\\">is(&nbsp;expr )<\\/a><\\/strong><\\/td>\\n<td class=\\\"default\\\"><strong>Returns:<\\/strong> <span><a href=\\\"http:\\/\\/docs.jquery.com\\/Types#Boolean\\\">Boolean<\\/a><\\/span><\\/td>\\n<\\/tr>\\n<tr>\\n<td class=\\\"desc\\\" colspan=\\\"2\\\">Checks the current selection against an expression and returns true, if at least one element of the selection fits the given expression.<\\/td>\\n<\\/tr>\\n<tr class=\\\"option\\\">\\n<td><strong><a title=\\\"Traversing\\/map\\\" href=\\\"http:\\/\\/docs.jquery.com\\/Traversing\\/map#callback\\\">map(&nbsp;callback )<\\/a><\\/strong><\\/td>\\n<td class=\\\"default\\\"><strong>Returns:<\\/strong> <span>jQuery<\\/span><\\/td>\\n<\\/tr>\\n<tr>\\n<td class=\\\"desc\\\" colspan=\\\"2\\\">Translate a set of elements in the jQuery object into another set of values in a jQuery array (which may, or may not contain elements).<\\/td>\\n<\\/tr>\\n<tr class=\\\"option\\\">\\n<td><strong><a title=\\\"Traversing\\/not\\\" href=\\\"http:\\/\\/docs.jquery.com\\/Traversing\\/not#expr\\\">not(&nbsp;expr )<\\/a><\\/strong><\\/td>\\n<td class=\\\"default\\\"><strong>Returns:<\\/strong> <span>jQuery<\\/span><\\/td>\\n<\\/tr>\\n<tr>\\n<td class=\\\"desc\\\" colspan=\\\"2\\\">Removes elements matching the specified expression from the set of matched elements.<\\/td>\\n<\\/tr>\\n<tr class=\\\"option\\\">\\n<td><strong><a title=\\\"Traversing\\/slice\\\" href=\\\"http:\\/\\/docs.jquery.com\\/Traversing\\/slice#startend\\\">slice(&nbsp;start,&nbsp;<span class=\\\"optional\\\">end<\\/span> )<\\/a><\\/strong><\\/td>\\n<td class=\\\"default\\\"><strong>Returns:<\\/strong> <span>jQuery<\\/span><\\/td>\\n<\\/tr>\\n<tr>\\n<td class=\\\"desc\\\" colspan=\\\"2\\\">Selects a subset of the matched elements.<\\/td>\\n<\\/tr>\\n<\\/tbody>\\n<\\/table>\",\"description_meta_tag\":\"\"}}',4,'2008-12-28 13:08:12'),(129,'wildpost',34,'{\"WildPost\":{\"title\":\"Cesky MC je tvuj nick\"}}',1,'2008-12-28 13:09:02'),(130,'wildpost',19,'{\"WildPost\":[]}',5,'2008-12-28 13:21:41'),(131,'wildpage',116,'{\"WildPage\":{\"title\":\"TODOs & Enhancements\",\"content\":\"<ul>\\n<li>Add keyboard shortcuts - like alt-A go to index...etc.<\\/li>\\n<li>Shift click on list to select more items<\\/li>\\n<li>Pages list drag and drop<\\/li>\\n<li>JLM compression<\\/li>\\n<li>File manager folders<\\/li>\\n<li>Ability to add favourite post\\/pages to sidebar under All Pages for quick access<\\/li>\\n<\\/ul>\\n<p><img src=\\\"\\/wildflower\\/img\\/thumb\\/The_night_is_coming-1400x1050.jpg\\/120\\/120\\/1\\\" alt=\\\"\\\" \\/><\\/p>\",\"description_meta_tag\":\"\"}}',4,'2008-12-28 13:27:30'),(132,'wildpage',54,'{\"WildPage\":{\"title\":\"Documentation\",\"content\":\"<p><em>This section is slowly being filled up. Please be patient.<\\/em><\\/p>\\r\\n<h3>Who is it for?<\\/h3>\\r\\n<p>Everyone who is able to deploy Wordpress should be able to get Wildflower up and running. However to fully enjoy and benefit from the features of this CMS, you should be competent in these areas (or willing to learn):<\\/p>\\r\\n<ul>\\r\\n<li>Code separation. Understand the difference between view and bussiness logic.<\\/li>\\r\\n<li>RESTful architecture.<\\/li>\\r\\n<li>Unit testing.<\\/li>\\r\\n<li>The heart of Wildflower is the CakePHP framework.<\\/li>\\r\\n<\\/ul>\\r\\n<p>This means this system is not so much for a typical PHP hacker, but for an agile programmer that is willing to learn and adopt the best practices. We also want to have fun along the way, so the idea of the system is not to stand in your way.<\\/p>\\r\\n<h3>Requirements<\\/h3>\\r\\n<ul>\\r\\n<li>Apache web server with mod_rewrite<\\/li>\\r\\n<li>PHP 5.2+<\\/li>\\r\\n<li>MySQL 4.1+<\\/li>\\r\\n<li>If you want to use the <a href=\\\"http:\\/\\/code.google.com\\/p\\/ruckusing\\/\\\">Ruckusing database migrations<\\/a> you need PEAR\'s MDB2 and Log packages<\\/li>\\r\\n<\\/ul>\\r\\n<h3>Fresh installation<\\/h3>\\r\\n<ol>\\r\\n<li>Extract the archive. Place the <em>wildflower<\\/em> directory inside your web servers documents folder.<\\/li>\\r\\n<li>Create a new MySQL database (<em>utf8_unicode_ci<\\/em> collation is strongly recommented) and into this new database import the SQL file <span style=\\\"font-style: italic;\\\">app<\\/span><em>\\/config\\/sql\\/wildflower.sql<\\/em>.<\\/li>\\r\\n<li>Edit the <em>app\\/config\\/database.php<\\/em> file with your database connection details.<\\/li>\\r\\n<li>You\'ve got a working copy of this site. You can start working on your project by modifying the application inside the <em>app<\\/em> directory. When a new release of Wildflower comes, you simply replace the <em>cake<\\/em>, <em>vendors<\\/em> and <em>wildflower<\\/em> directories.<\\/li>\\r\\n<li>Access the admin area at <em>\\/admin<\\/em>. The initial login\\/password combination is <strong>admin<\\/strong>\\/<strong>admin321<\\/strong>.<\\/li>\\r\\n<\\/ol>\\r\\n<h3>Installing to an existing CakePHP application<\\/h3>\\r\\n<ol>\\r\\n<li>Extract the archive and place the <em>wildflower\\/wildflower<\\/em> directory inside your application root.<\\/li>\\r\\n<li>Just include the Wildflower <em>bootstrap.php<\\/em> file located at <em>\\/wildflower\\/config\\/bootstrap.php<\\/em> in your <em>\\/app\\/config\\/bootstrap.php<\\/em>.<\\/li>\\r\\n<li>Load the SQL dump file <em>app\\/config\\/sql\\/wildflower.sql<\\/em>&nbsp;into your database.<\\/li>\\r\\n<li>Set up some routes. Check the <em>wildflower\\/config\\/routes.php<\\/em> file for the default WF routes.<\\/li>\\r\\n<li>Your app_controller, app_model and app_helper files should extend WildflowerController, WildflowerModel and WildflowerHelper.<\\/li>\\r\\n<li>Copy <em>app\\/webroot\\/css\\/wfadmin<\\/em> from the archive to your <em>app\\/webroot\\/css<\\/em>.<\\/li>\\r\\n<\\/ol>\\r\\n<h3>Basic principles<\\/h3>\\r\\n<p>A modern website usually consist of \\\"static\\\" pages, news or blog sections, contact form, provides RSS feeds and a number of features, specific to the site\'s aim or goal. The idea of Wildflower is to provide this common functionality, with a polished and user friendly interface and enable the programmer to effectively code the remaining specific features of the site, fully exploiting the PHP rapid development framework--CakePHP.<\\/p>\\r\\n<p>Wildflower uses the additional MVC paths feature of the CakePHP framework. It sits in it\'s own directory inside the application root. This allows the user to create application specific controllers, models or views in her <em>\\/app<\\/em> directory. By mirroring any view file from the wildflower\\/views folder inside app\\/views you can override the default Wildflower files. This is a great way to customize any aspect of the CMS, especially extending the admin interface with additional sections or customizing existing ones to the site\'s needs without touching the original Wildflower code.<\\/p>\\r\\n<h3>A real world example of building a site with some custom functionality<\\/h3>\\r\\n<p>Imagine you want to build a simple site with the following requirements:<\\/p>\\r\\n<ul>\\r\\n<li>Content managed \\\"static\\\" pages<\\/li>\\r\\n<li>Contact form<\\/li>\\r\\n<li>Home page with four boxes with different content and each content managed<\\/li>\\r\\n<\\/ul>\\r\\n<p>The first two requirements you\'ve got out of the box. For the third one we\'ll create a new section in the admin interface and build our own model\\/view\\/controller that will handle the custom functionality.<\\/p>\\r\\n<h4>Step 1: Create a new database table<\\/h4>\\r\\n<p>Let\'s create a very basic table to hold our data.<\\/p>\\r\\n<p><code>CREATE TABLE home_page_boxes (<br \\/> &nbsp; id int(11) unsigned NOT NULL auto_increment,<br \\/> &nbsp; content text,<br \\/> &nbsp; PRIMARY KEY&nbsp; (id)<br \\/> );<\\/code><\\/p>\\r\\n<p>We\'ll be using 4 table rows to represent our boxes. Insert those right away:<\\/p>\\r\\n<p><code>INSERT INTO home_page_boxes (id, content) VALUES(1, \'Box 1 content.\');<br \\/> INSERT INTO home_page_boxes (id, content) VALUES(2, \'Box 2 content.\');<br \\/> INSERT INTO home_page_boxes (id, content) VALUES(3, \'Box 3 content.\');<br \\/> INSERT INTO home_page_boxes (id, content) VALUES(4, \'Box 4 content.\');<\\/code><\\/p>\\r\\n<h4>Step 2: Create the MVC files<\\/h4>\\r\\n<p>For this simple example we actually don\'t need to create any model file, since CakePHP supports <a href=\\\"http:\\/\\/www.littlehart.net\\/atthekeyboard\\/2008\\/08\\/05\\/dynamic-models-in-cakephp-12\\/\\\">dynamic models<\\/a>. So let\'s create our controller. We\'ll create a file in <em>app\\/controllers\\/<\\/em> called <em>home_page_boxes_controller.php<\\/em> and put some code into it:<\\/p>\\r\\n<pre>&lt;?php<br \\/>class HomePageBoxesController extends AppController {<br \\/>&nbsp;&nbsp;&nbsp; <br \\/>&nbsp;&nbsp;&nbsp; function beforeFilter() {<br \\/>&nbsp;&nbsp;&nbsp;&nbsp;&nbsp;&nbsp;&nbsp; parent::beforeFilter();<br \\/>&nbsp;&nbsp;&nbsp;&nbsp;&nbsp;&nbsp;&nbsp; $this-&gt;pageTitle = \'Home\';<br \\/>&nbsp;&nbsp;&nbsp; }<br \\/><br \\/>&nbsp;&nbsp;&nbsp; function admin_index() {<br \\/>&nbsp;&nbsp;&nbsp;&nbsp;&nbsp;&nbsp;&nbsp; $boxes = $this-&gt;HomePageBox-&gt;find(\'all\', \'id IN (1, 2, 3, 4)\');<br \\/>&nbsp;&nbsp;&nbsp;&nbsp;&nbsp;&nbsp;&nbsp; $this-&gt;set(compact(\'boxes\'));<br \\/>&nbsp;&nbsp;&nbsp; }<br \\/>&nbsp;&nbsp;&nbsp; <br \\/>&nbsp;&nbsp;&nbsp; function admin_update() {<br \\/>&nbsp;&nbsp;&nbsp;&nbsp;&nbsp;&nbsp;&nbsp; foreach ($this-&gt;data[\'HomePageBox\'] as $name =&gt; $content) {<br \\/>&nbsp;&nbsp;&nbsp;&nbsp;&nbsp;&nbsp;&nbsp;&nbsp;&nbsp;&nbsp;&nbsp; $id = explode(\'-\', $name);<br \\/>&nbsp;&nbsp;&nbsp;&nbsp;&nbsp;&nbsp;&nbsp;&nbsp;&nbsp;&nbsp;&nbsp; $id = intval(array_pop($id));<br \\/>&nbsp;&nbsp;&nbsp;&nbsp;&nbsp;&nbsp;&nbsp;&nbsp;&nbsp;&nbsp;&nbsp; $data[\'HomePageBox\'] = array(\'id\' =&gt; $id, \'content\' =&gt; $content);<br \\/>&nbsp;&nbsp;&nbsp;&nbsp;&nbsp;&nbsp;&nbsp;&nbsp;&nbsp;&nbsp;&nbsp; $this-&gt;HomePageBox-&gt;create($data);<br \\/>&nbsp;&nbsp;&nbsp;&nbsp;&nbsp;&nbsp;&nbsp;&nbsp;&nbsp;&nbsp;&nbsp; $this-&gt;HomePageBox-&gt;save(); <br \\/>&nbsp;&nbsp;&nbsp;&nbsp;&nbsp;&nbsp;&nbsp; }<br \\/>&nbsp;&nbsp;&nbsp;&nbsp;&nbsp;&nbsp;&nbsp; $this-&gt;redirect(array(\'action\' =&gt; \'index\'));<br \\/>&nbsp;&nbsp;&nbsp; }<br \\/>&nbsp;&nbsp;&nbsp; <br \\/>&nbsp;&nbsp;&nbsp; function index() {<br \\/>&nbsp;&nbsp;&nbsp;&nbsp;&nbsp;&nbsp;&nbsp; $boxes = $this-&gt;HomePageBox-&gt;find(\'all\', \'id IN (1, 2, 3, 4)\');<br \\/>&nbsp;&nbsp;&nbsp;&nbsp;&nbsp;&nbsp;&nbsp; $this-&gt;set(compact(\'boxes\'));<br \\/>&nbsp;&nbsp;&nbsp; }<br \\/>&nbsp;&nbsp;&nbsp; <br \\/>}<br \\/><\\/pre>\\r\\n<p>This code handles populating the the homepage and the admin section with data and updating (saving) new content in the admin section. Let\'s create the view files. Create a new folder called <em>home_page_boxes<\\/em> under <em>app\\/views\\/<\\/em> . Under this folder add <em>admin_index.ctp<\\/em> and <em>index.ctp<\\/em> files.<\\/p>\\r\\n<p><em>admin_index.ctp<\\/em> could look like this:<\\/p>\\r\\n<pre>&lt;h2&gt;Homepage Boxes&lt;\\/h2&gt;<br \\/><br \\/>&lt;?php<br \\/>    echo $form-&gt;create(\'HomePageBox\', array(\'action\' =&gt; \'update\'));<br \\/>    <br \\/>    for ($i = 0; $i &lt; 4; $i++) {<br \\/>        echo <br \\/>        $form-&gt;input(\\\"content-{$boxes[$i][\'HomePageBox\'][\'id\']}\\\", <br \\/>            array(\'type\' =&gt; \'textbox\', <br \\/>                    \'value\' =&gt; $boxes[$i][\'HomePageBox\'][\'content\'], <br \\/>                    \'label\' =&gt; \'Box \' . ($i + 1), \'between\' =&gt; \'&lt;br \\/&gt;\', \'class\' =&gt; \'box-fck\')),<br \\/>        $form-&gt;submit(\'Save\');<br \\/>    }<br \\/>    <br \\/>    echo $form-&gt;end();<br \\/>?&gt;<br \\/><\\/pre>\\r\\n<p>This will create an admin page with four TinyMCE editors each handling one box. Let\'s take a look at the <em>index.ctp<\\/em> file:<\\/p>\\r\\n<pre>&lt;?php foreach ($boxes as $box) { ?&gt;<br \\/><br \\/>&lt;div class=\\\"home-box\\\"&gt;<br \\/>    &lt;?php echo $box[\'HomePageBox\'][\'content\'] ?&gt;<br \\/>&lt;\\/div&gt;<br \\/><br \\/>&lt;?php } ?&gt;<br \\/><\\/pre>\\r\\n<p>This will display the four boxes and their content.<\\/p>\\r\\n<p>Now <strong>copy<\\/strong> the <em>\\/wildflower\\/views\\/layout\\/admin_default.ctp<\\/em> to <em>\\/app\\/views\\/layouts\\/<\\/em> . There you can modify the file and add a link to our new home page boxes admin screen to the admin main menu. I\'ll leave this step to you. Remember: <strong>Every Wildflower view file that you mirror inside your app\\/views will be used instead of the original<\\/strong>.<\\/p>\\r\\n<h4>Step 3: Routes<\\/h4>\\r\\n<p>Finally we need to let Cake know that we want to display the HomePageBoxesController::index() action when browsing to <em>your-site.com <\\/em>root. Modify the first two routes in <em>app\\/config\\/routes.php<\\/em> like this:<\\/p>\\r\\n<pre>Router::connect(\'\\/\', array(\'controller\' =&gt; \'home_page_boxes\', \'action\' =&gt; \'index\'));<br \\/>Router::connect(\'\\/app\\/webroot\\/\', array(\'controller\' =&gt; \'home_page_boxes\', \'action\' =&gt; \'index\'));<br \\/><\\/pre>\\r\\n<p>Maybe you\'re wondering about the second route. On some server configurations Cake incorrectly detects the site root (\\/) as <em>\\/app\\/webroot<\\/em> . This fixes it. If you don\'t experience this problem (the home page works fine without the second route) you can remove the route.<\\/p>\\r\\n<p>As you can see, Wildflower enables you to use all the CakePHP power together with the out of the box functionality.<\\/p>\",\"description_meta_tag\":\"yadayada\"}}',2,'2008-12-28 13:29:30'),(133,'wildpage',116,'{\"WildPage\":{\"description_meta_tag\":\"What should be done.\"}}',5,'2008-12-28 18:52:21'),(134,'wildpage',174,'{\"WildPage\":{\"title\":\"Page options workin\"}}',1,'2008-12-28 18:54:42'),(135,'wildpage',174,'{\"WildPage\":{\"title\":\"Page options workin\",\"content\":\"<p>dsad<\\/p>\",\"description_meta_tag\":\"\"}}',2,'2008-12-28 18:54:59'),(136,'wildpage',175,'{\"WildPage\":{\"title\":\"Apostasy\"}}',1,'2008-12-28 21:08:11'),(137,'wildpage',175,'{\"WildPage\":{\"title\":\"Apostasy\",\"content\":\"<p><img src=\\\"\\/wildflower\\/uploads\\/00_wall.jpg\\\" alt=\\\"00_wall.jpg\\\" \\/><\\/p>\",\"description_meta_tag\":\"\"}}',2,'2008-12-28 21:08:23'),(138,'wildpage',176,'{\"WildPage\":{\"title\":\"Another child\"}}',1,'2008-12-28 21:14:40'),(139,'wildpage',176,'{\"WildPage\":{\"title\":\"Another child\",\"content\":\"<p>lorem<\\/p>\",\"description_meta_tag\":\"\"}}',2,'2008-12-28 21:14:52'),(140,'wildpage',176,'{\"WildPage\":{\"description_meta_tag\":\"\"}}',3,'2008-12-28 21:15:22'),(141,'wildpage',177,'{\"WildPage\":{\"title\":\"Bugs squashed\"}}',1,'2008-12-28 21:16:18'),(142,'wildpost',16,'{\"WildPost\":{\"title\":\"Nice CSS\",\"content\":\"<p>TinyMCE updated to 3.2.1.1<\\/p>\\n<p><img src=\\\"\\/wildflower\\/uploads\\/company-image.jpg\\\" alt=\\\"company-image.jpg\\\" \\/><img src=\\\"\\/wildflower\\/uploads\\/Pixel_tennis_by_iTop_edition.gif\\\" alt=\\\"Pixel_tennis_by_iTop_edition.gif\\\" \\/><\\/p>\\n<p><img src=\\\"\\/wildflower\\/uploads\\/Picture%202.jpg\\\" alt=\\\"Picture 2.jpg\\\" \\/><\\/p>\"}}',2,'2008-12-28 21:45:07'),(143,'wildpost',35,'{\"WildPost\":[]}',1,'2008-12-29 10:29:02'),(144,'wildpost',33,'{\"WildPost\":{\"title\":\"Hello dolly\",\"content\":\"<p>I am happy this works. Hmm.<\\/p>\"}}',4,'2008-12-29 10:29:31'),(145,'wildpost',36,'{\"WildPost\":{\"title\":\"A new post\"}}',1,'2008-12-29 10:30:43'),(146,'wildpost',36,'{\"WildPost\":{\"title\":\"A new post\",\"content\":\"<p>yeah<\\/p>\"}}',2,'2008-12-29 10:30:49'),(147,'wildpage',178,'{\"WildPage\":{\"title\":\"Neeew page\"}}',1,'2008-12-29 10:31:06'),(148,'wildpage',178,'{\"WildPage\":{\"title\":\"Neeew page\",\"content\":\"\",\"description_meta_tag\":\"\"}}',2,'2008-12-29 10:31:11'),(149,'wildpage',178,'{\"WildPage\":{\"description_meta_tag\":\"taaags\"}}',3,'2008-12-29 10:31:25'),(150,'wildpost',23,'{\"WildPost\":{\"title\":\"@todo: Deselecting all categories and saving does not work as expected\",\"content\":\"<p>dsada ola hola<\\/p>\"}}',10,'2008-12-29 11:24:23'),(151,'wildpost',23,'{\"WildPost\":[]}',11,'2008-12-29 11:24:32'),(152,'wildpage',175,'{\"WildPage\":{\"title\":\"Apostasy 123\",\"content\":\"<p><img src=\\\"\\/wildflower\\/uploads\\/00_wall.jpg\\\" alt=\\\"00_wall.jpg\\\" \\/><\\/p>\",\"description_meta_tag\":\"\"}}',3,'2008-12-29 11:25:15'),(153,'wildpage',175,'{\"WildPage\":{\"title\":\"Apostasy\",\"content\":\"<p><img src=\\\"\\/wildflower\\/uploads\\/00_wall.jpg\\\" alt=\\\"00_wall.jpg\\\" \\/><\\/p>\",\"description_meta_tag\":\"\"}}',4,'2008-12-29 11:25:20'),(154,'wildpage',175,'{\"WildPage\":{\"description_meta_tag\":\"\"}}',5,'2008-12-29 11:25:32'),(155,'wildpage',172,'{\"WildPage\":{\"title\":\"Create works\",\"content\":\"<p>yes sa<\\/p>\",\"description_meta_tag\":\"\"}}',3,'2008-12-29 15:13:03'),(156,'wildpage',176,'{\"WildPage\":{\"title\":\"Another child\",\"content\":\"<p>lorem<\\/p>\",\"description_meta_tag\":\"\"}}',4,'2008-12-29 15:15:29'),(157,'wildpage',172,'{\"WildPage\":{\"description_meta_tag\":\"\"}}',4,'2008-12-29 15:16:58'),(158,'wildpage',52,'{\"WildPage\":{\"title\":\"Home & Features\",\"content\":\"<ul id=\\\"home-feature-list\\\">\\n<li id=\\\"feature-cake\\\">Content management system and application platform build on <a href=\\\"http:\\/\\/www.cakephp.org\\\">CakePHP<\\/a> framework and <a href=\\\"http:\\/\\/jquery.com\\\">jQuery<\\/a> Javascript library.<\\/li>\\n<li id=\\\"feature-standards\\\">Standards based.<\\/li>\\n<li id=\\\"feature-open-source\\\">Open source.<\\/li>\\n<li>User friendly.<\\/li>\\n<li>Unit test coverage.<\\/li>\\n<li>It\'s a CakePHP plugin. Use with any existing CakePHP 1.2 application.<\\/li>\\n<li>Free bananas.<\\/li>\\n<li><a href=\\\"\\/feature-tour\\\">More features<\\/a><\\/li>\\n<\\/ul>\\n<p class=\\\"download\\\"><a href=\\\"http:\\/\\/wildflower.googlecode.com\\/files\\/wildflower10a.zip\\\"><strong>Download now<\\/strong><br \\/> Wildflower 1.0a, released 29th February 2008<\\/a><\\/p>\",\"description_meta_tag\":\"Content management system and application platform build on CakePHP framework and jQuery Javascript library.\"}}',1,'2008-12-29 15:17:32'),(159,'wildpage',64,'{\"WildPage\":{\"description_meta_tag\":\"\"}}',1,'2008-12-29 15:19:45'),(160,'wildpage',52,'{\"WildPage\":{\"description_meta_tag\":\"Content management system and application platform build on CakePHP framework and jQuery Javascript library.\"}}',2,'2008-12-29 15:24:42'),(161,'wildpage',179,'{\"WildPage\":{\"title\":\"Model tweaks\"}}',1,'2008-12-29 15:25:53'),(162,'wildpost',37,'{\"WildPost\":{\"title\":\"Shit happens\"}}',1,'2008-12-29 15:49:48'),(163,'wildpost',37,'{\"WildPost\":{\"title\":\"Shit happens\",\"content\":\"<p>Write<\\/p>\\n<p>write<\\/p>\\n<p>write<\\/p>\"}}',2,'2008-12-29 15:50:08'),(164,'wildpage',64,'{\"WildPage\":{\"title\":\"Code, code, code\",\"content\":\"<p class=\\\"cake-debug\\\">Hello world <a href=\\\"#title\\\">how<\\/a> are we today.<\\/p>\\n<h2 class=\\\"cake-debug\\\">Heading &lt;h2&gt;<\\/h2>\\n<p style=\\\"padding-left: 30px;\\\">This option enables you to specify a custom CSS file that extends the theme content <span style=\\\"background-color: #ff9900;\\\">CSS<\\/span>. This <span style=\\\"color: #ff6600;\\\">CSS<\\/span> file is the one used within the editor (the editable area). This option can also be a comma separated list of URLs.<\\/p>\\n<p class=\\\"cake-debug\\\">If you specify a relative <strong>path<\\/strong>, it is resolved in relation to the URL of the (HTML) file that includes TinyMCE, NOT relative to TinyMCE itself.<\\/p>\\n<p class=\\\"cake-debug\\\"><img src=\\\"\\/wildflower\\/img\\/thumb\\/vetton_ru_501.jpg\\/120\\/120\\/1\\\" alt=\\\"\\\" \\/><img src=\\\"\\/wildflower\\/img\\/thumb\\/All_falls_down-1440x900.jpg\\/120\\/120\\/1\\\" alt=\\\"\\\" \\/><img src=\\\"\\/wildflower\\/img\\/thumb\\/Step_forward_little_tommy-1400x1050.jpg\\/120\\/120\\/1\\\" alt=\\\"\\\" \\/><img src=\\\"\\/wildflower\\/uploads\\/Pixel_tennis_by_iTop_edition.gif\\\" alt=\\\"Pixel_tennis_by_iTop_edition.gif\\\" \\/><br \\/><span style=\\\"text-decoration: line-through;\\\">strike me<\\/span><\\/p>\",\"description_meta_tag\":\"\"}}',2,'2008-12-29 16:13:35'),(165,'wildpage',64,'{\"WildPage\":{\"title\":\"Code, code, code\",\"content\":\"<p class=\\\"cake-debug\\\">Hello world <a href=\\\"#title\\\">how<\\/a> are we today.<\\/p>\\n<h2 class=\\\"cake-debug\\\">Heading &lt;h2&gt;<\\/h2>\\n<p style=\\\"padding-left: 30px;\\\">This option enables you to specify a custom CSS file that extends the theme content <span style=\\\"background-color: #ff9900;\\\">CSS<\\/span>. This <span style=\\\"color: #ff6600;\\\">CSS<\\/span> file is the one used within the editor (the editable area). This option can also be a comma separated list of URLs.<\\/p>\\n<p class=\\\"cake-debug\\\">If you specify a relative <strong>path<\\/strong>, it is resolved in relation to the URL of the (HTML) file that includes TinyMCE, NOT relative to TinyMCE itself.<\\/p>\\n<p class=\\\"cake-debug\\\"><img src=\\\"\\/wildflower\\/img\\/thumb\\/vetton_ru_501.jpg\\/120\\/120\\/1\\\" alt=\\\"\\\" \\/><img src=\\\"\\/wildflower\\/img\\/thumb\\/All_falls_down-1440x900.jpg\\/120\\/120\\/1\\\" alt=\\\"\\\" \\/><img src=\\\"\\/wildflower\\/img\\/thumb\\/Step_forward_little_tommy-1400x1050.jpg\\/120\\/120\\/1\\\" alt=\\\"\\\" \\/><img src=\\\"\\/wildflower\\/uploads\\/Pixel_tennis_by_iTop_edition.gif\\\" alt=\\\"Pixel_tennis_by_iTop_edition.gif\\\" \\/><br \\/><span style=\\\"text-decoration: line-through;\\\">strike me<\\/span><\\/p>\\n<div id=\\\"main_left\\\" class=\\\"left\\\">\\n<div class=\\\"p15\\\">\\n<h1>Documentation<\\/h1>\\n<h2>TinyMCE Wiki Documentation<\\/h2>\\n<p>You can view the documentation in the <a href=\\\"http:\\/\\/wiki.moxiecode.com\\/index.php\\/TinyMCE:Index\\\">TinyMCE Wiki<\\/a> this wiki also contains the documentation for the <a href=\\\"http:\\/\\/wiki.moxiecode.com\\/index.php\\/MCImageManager:Index\\\">MCImageManager<\\/a> and <a href=\\\"http:\\/\\/wiki.moxiecode.com\\/index.php\\/MCFileManager:Index\\\">MCFileManager<\\/a> products. We hope that you contribute to the Wiki if you find errors or things missing.<\\/p>\\n<h2>API Documenation<\\/h2>\\n<p>TinyMCE has an extensive API and all classes, methods and properties of this API can be found in the <a href=\\\"http:\\/\\/wiki.moxiecode.com\\/index.php\\/TinyMCE:API\\\">API documentation<\\/a>.<\\/p>\\n<h2>Feedback \\/ Troubleshooting<\\/h2>\\n<p>Please study the documentation carefully before posting questions in the forum.<\\/p>\\n<p>You can also try the search function in the <a href=\\\"http:\\/\\/tinymce.moxiecode.com\\/forum\\/index.php\\\">forum<\\/a>, someone else probably have had the same problem you are experiencing.<\\/p>\\n<p>If you want to report a bug, please do so through <a href=\\\"http:\\/\\/www.sourceforge.net\\/projects\\/tinymce\\/\\\">Sourceforge<\\/a>. Also, check the <a href=\\\"http:\\/\\/wiki.moxiecode.com\\/index.php\\/TinyMCE:FAQ\\\">FAQ<\\/a> for answers to the most common questions.<\\/p>\\n<p>&nbsp;<\\/p>\\n<div id=\\\"main_left\\\" class=\\\"left\\\">\\n<div class=\\\"p15\\\">\\n<h1>Documentation<\\/h1>\\n<h2>TinyMCE Wiki Documentation<\\/h2>\\n<p>You can view the documentation in the <a href=\\\"http:\\/\\/wiki.moxiecode.com\\/index.php\\/TinyMCE:Index\\\">TinyMCE Wiki<\\/a> this wiki also contains the documentation for the <a href=\\\"http:\\/\\/wiki.moxiecode.com\\/index.php\\/MCImageManager:Index\\\">MCImageManager<\\/a> and <a href=\\\"http:\\/\\/wiki.moxiecode.com\\/index.php\\/MCFileManager:Index\\\">MCFileManager<\\/a> products. We hope that you contribute to the Wiki if you find errors or things missing.<\\/p>\\n<h2>API Documenation<\\/h2>\\n<p>TinyMCE has an extensive API and all classes, methods and properties of this API can be found in the <a href=\\\"http:\\/\\/wiki.moxiecode.com\\/index.php\\/TinyMCE:API\\\">API documentation<\\/a>.<\\/p>\\n<h2>Feedback \\/ Troubleshooting<\\/h2>\\n<p>Please study the documentation carefully before posting questions in the forum.<\\/p>\\n<p>You can also try the search function in the <a href=\\\"http:\\/\\/tinymce.moxiecode.com\\/forum\\/index.php\\\">forum<\\/a>, someone else probably have had the same problem you are experiencing.<\\/p>\\n<p>If you want to report a bug, please do so through <a href=\\\"http:\\/\\/www.sourceforge.net\\/projects\\/tinymce\\/\\\">Sourceforge<\\/a>. Also, check the <a href=\\\"http:\\/\\/wiki.moxiecode.com\\/index.php\\/TinyMCE:FAQ\\\">FAQ<\\/a> for answers to the most common questions.<\\/p>\\n<\\/div>\\n<\\/div>\\n<\\/div>\\n<\\/div>\",\"description_meta_tag\":\"\"}}',3,'2008-12-29 16:14:33'),(166,'wildpost',36,'{\"WildPost\":[]}',3,'2008-12-29 16:16:02'),(167,'wildpost',36,'{\"WildPost\":{\"description_meta_tag\":\"\"}}',4,'2008-12-29 16:18:21'),(168,'wildpost',36,'{\"WildPost\":{\"title\":\"A new post\",\"content\":\"<p>yeah<\\/p>\\n<p><img src=\\\"\\/wildflower\\/uploads\\/company-image.jpg\\\" alt=\\\"company-image.jpg\\\" \\/><\\/p>\"}}',5,'2008-12-29 18:29:07'),(169,'wildpost',38,'{\"WildPost\":{\"title\":\"@todo: Insert link pages and post aware\"}}',1,'2008-12-29 18:33:49'),(170,'wildpost',38,'{\"WildPost\":[]}',2,'2008-12-29 18:33:58'),(171,'wildpost',38,'{\"WildPost\":{\"description_meta_tag\":\"\"}}',3,'2008-12-29 18:34:39'),(172,'wildpost',39,'{\"WildPost\":{\"title\":\"@todo: When not logged in and wanting to page the blog redirected to login screen\"}}',1,'2008-12-29 22:18:34'),(173,'wildpost',39,'{\"WildPost\":[]}',2,'2008-12-29 22:18:43'),(174,'wildpost',28,'{\"WildPost\":{\"title\":\"Lots of Javascript\",\"content\":\"<p><img src=\\\"\\/wildflower\\/uploads\\/company-image.jpg\\\" alt=\\\"company-image.jpg\\\" \\/><\\/p>\\r\\n<p>&nbsp;<\\/p>\\r\\n<p><img src=\\\"\\/wildflower\\/uploads\\/Good_Vibrations-1440x900.jpg\\\" alt=\\\"Good_Vibrations-1440x900.jpg\\\" \\/><\\/p>\"}}',3,'2008-12-30 17:13:14'),(175,'wildpost',40,'{\"WildPost\":{\"title\":\"Aaahahahahh\"}}',1,'2009-01-01 13:32:30'),(176,'wildpost',36,'{\"WildPost\":{\"title\":\"A new post\",\"content\":\"<p>yeah<\\/p>\\n<p><img src=\\\"\\/wildflower\\/uploads\\/company-image.jpg\\\" alt=\\\"company-image.jpg\\\" \\/><img src=\\\"\\/wildflower\\/uploads\\/company-image.jpg\\\" alt=\\\"company-image.jpg\\\" \\/><img src=\\\"\\/wildflower\\/uploads\\/Pixel_tennis_by_iTop_edition.gif\\\" alt=\\\"Pixel_tennis_by_iTop_edition.gif\\\" \\/><\\/p>\"}}',6,'2009-01-01 20:15:20'),(177,'wildpage',158,'{\"WildPage\":{\"title\":\"UI facelift\",\"content\":\"<p>New graphic elements.<\\/p>\",\"description_meta_tag\":\"\"}}',1,'2009-01-01 22:36:48'),(178,'wildpage',158,'{\"WildPage\":{\"description_meta_tag\":\"\"}}',2,'2009-01-01 22:37:00'),(179,'wildpost',38,'{\"WildPost\":[]}',4,'2009-01-01 22:43:23'),(180,'wildpost',38,'{\"WildPost\":{\"description_meta_tag\":\"\"}}',5,'2009-01-01 22:50:35'),(181,'wildpost',38,'{\"WildPost\":{\"title\":\"@todo: Insert link pages and post aware\",\"content\":\"<p><img src=\\\"\\/wildflower\\/uploads\\/00_wall.jpg\\\" alt=\\\"00_wall.jpg\\\" \\/><\\/p>\"}}',6,'2009-01-01 22:50:56'),(182,'wildpost',41,'{\"WildPost\":[]}',1,'2009-01-01 22:59:09'),(183,'wildpost',9,'{\"WildPost\":[]}',4,'2009-01-01 22:59:39'),(184,'wildpost',28,'{\"WildPost\":{\"title\":\"Lots of Javascript\",\"content\":\"<p><img src=\\\"\\/wildflower\\/uploads\\/company-image.jpg\\\" alt=\\\"company-image.jpg\\\" \\/><\\/p>\\n<p>&nbsp;<\\/p>\\n<p><img src=\\\"\\/wildflower\\/uploads\\/Good_Vibrations-1440x900.jpg\\\" alt=\\\"Good_Vibrations-1440x900.jpg\\\" \\/><\\/p>\"}}',4,'2009-01-01 23:00:35'),(185,'wildpost',42,'{\"WildPost\":{\"title\":\"Merb\"}}',1,'2009-01-01 23:01:26'),(186,'wildpost',42,'{\"WildPost\":{\"title\":\"Merb\",\"content\":\"<p>1234<\\/p>\"}}',2,'2009-01-01 23:01:34'),(187,'wildpost',40,'{\"WildPost\":[]}',2,'2009-01-01 23:02:02'),(188,'wildpage',52,'{\"WildPage\":{\"title\":\"Home & Features\",\"content\":\"<ul id=\\\"home-feature-list\\\">\\n<li id=\\\"feature-cake\\\">Content management system and application platform build on <a href=\\\"http:\\/\\/www.cakephp.org\\\">CakePHP<\\/a> framework and <a href=\\\"http:\\/\\/jquery.com\\\">jQuery<\\/a> Javascript library.<\\/li>\\n<li id=\\\"feature-standards\\\">Standards based.<\\/li>\\n<li id=\\\"feature-open-source\\\">Open source.<\\/li>\\n<li>User friendly.<\\/li>\\n<li>Unit test coverage.<\\/li>\\n<li>It\'s a CakePHP plugin. Use with any existing CakePHP 1.2 application.<\\/li>\\n<li>Free bananas.<\\/li>\\n<li><a href=\\\"\\/feature-tour\\\">More features<\\/a><\\/li>\\n<\\/ul>\\n<p class=\\\"download\\\"><a href=\\\"http:\\/\\/wildflower.googlecode.com\\/files\\/wildflower10a.zip\\\"><strong>Download now<\\/strong><br \\/> Wildflower 1.0a, released 29th February 2008<\\/a><\\/p>\\n<p class=\\\"download\\\">&nbsp;<\\/p>\\n<p class=\\\"download\\\"><img src=\\\"\\/wildflower\\/uploads\\/Pixel_tennis_by_iTop_edition.gif\\\" alt=\\\"Pixel_tennis_by_iTop_edition.gif\\\" \\/><img src=\\\"\\/wildflower\\/uploads\\/company-image.jpg\\\" alt=\\\"company-image.jpg\\\" \\/><\\/p>\",\"description_meta_tag\":\"Content management system and application platform build on CakePHP framework and jQuery Javascript library.\"}}',3,'2009-01-04 01:13:48'),(189,'wildpage',52,'{\"WildPage\":{\"description_meta_tag\":\"Content management system and application platform build on CakePHP framework and jQuery Javascript library.\"}}',4,'2009-01-04 01:14:29'),(190,'wildpost',43,'{\"WildPost\":[]}',1,'2009-01-04 01:21:09'),(191,'wildpost',37,'{\"WildPost\":[]}',3,'2009-01-04 01:46:07'),(192,'wildpost',44,'{\"WildPost\":[]}',1,'2009-01-04 11:16:28'),(193,'wildpage',79,'{\"WildPage\":{\"title\":\"A page about nothing 12\",\"content\":\"<p>\'wf_update\' sad da as das asd 213 sadsa sadas asd<\\/p>\\n<p>&nbsp;<\\/p>\\n<p>sadsad<\\/p>\\n<p>sad<\\/p>\"}}',1,'2009-01-04 18:59:56'),(194,'wildpage',79,'{\"WildPage\":{\"title\":\"A page about nothing 12\",\"content\":\"<p>\'wf_update\' sad da as das asd 213 sadsa.<\\/p>\"}}',2,'2009-01-04 19:01:27'),(195,'wildpage',52,'{\"WildPage\":{\"title\":\"Home & Features\",\"content\":\"<ul id=\\\"home-feature-list\\\">\\n<li id=\\\"feature-cake\\\">Content management system and application platform build on <a href=\\\"http:\\/\\/www.cakephp.org\\\">CakePHP<\\/a> framework and <a href=\\\"http:\\/\\/jquery.com\\\">jQuery<\\/a> Javascript library.<\\/li>\\n<li id=\\\"feature-standards\\\">Standards based.<\\/li>\\n<li id=\\\"feature-open-source\\\">Open source.<\\/li>\\n<li>User friendly.<\\/li>\\n<li>Unit test coverage.<\\/li>\\n<li>It\'s a CakePHP plugin. Use with any existing CakePHP 1.2 application.<\\/li>\\n<li>Free bananas.<\\/li>\\n<li><a href=\\\"\\/feature-tour\\\">More features<\\/a><\\/li>\\n<\\/ul>\\n<p class=\\\"download\\\"><a href=\\\"http:\\/\\/wildflower.googlecode.com\\/files\\/wildflower10a.zip\\\"><strong>Download now<\\/strong><br \\/> Wildflower 1.0a, released 29th February 2008<\\/a><\\/p>\\n<p class=\\\"download\\\">&nbsp;<\\/p>\\n<p class=\\\"download\\\"><img src=\\\"\\/wildflower\\/uploads\\/Pixel_tennis_by_iTop_edition.gif\\\" alt=\\\"Pixel_tennis_by_iTop_edition.gif\\\" \\/><img src=\\\"\\/wildflower\\/uploads\\/company-image.jpg\\\" alt=\\\"company-image.jpg\\\" \\/><\\/p>\"}}',5,'2009-01-04 19:04:26'),(196,'wildpage',52,'{\"WildPage\":{\"description_meta_tag\":\"Content management system and application platform build on CakePHP framework and jQuery Javascript library.\"}}',6,'2009-01-04 19:04:54'),(197,'wildpage',52,'{\"WildPage\":{\"title\":\"Home & Features\",\"content\":\"<ul id=\\\"home-feature-list\\\">\\n<li id=\\\"feature-cake\\\">Content management system and application platform build on <a href=\\\"http:\\/\\/www.cakephp.org\\\">CakePHP<\\/a> framework and <a href=\\\"http:\\/\\/jquery.com\\\">jQuery<\\/a> Javascript library.<\\/li>\\n<li id=\\\"feature-standards\\\">Standards based.<\\/li>\\n<li id=\\\"feature-open-source\\\">Open source.<\\/li>\\n<li>User friendly.<\\/li>\\n<li>Unit test coverage.<\\/li>\\n<li>It\'s a CakePHP plugin. Use with any existing CakePHP 1.2 application.<\\/li>\\n<li>Free bananas.<\\/li>\\n<li><a href=\\\"\\/feature-tour\\\">More features<\\/a><\\/li>\\n<\\/ul>\\n<p class=\\\"download\\\"><a href=\\\"http:\\/\\/wildflower.googlecode.com\\/files\\/wildflower10a.zip\\\"><strong>Download now<\\/strong><br \\/> Wildflower 1.0a, released 29th February 2008<\\/a><\\/p>\\n<p class=\\\"download\\\">&nbsp;<\\/p>\\n<p class=\\\"download\\\"><img src=\\\"\\/wildflower\\/uploads\\/Pixel_tennis_by_iTop_edition.gif\\\" alt=\\\"Pixel_tennis_by_iTop_edition.gif\\\" \\/><img src=\\\"\\/wildflower\\/uploads\\/company-image.jpg\\\" alt=\\\"company-image.jpg\\\" \\/><\\/p>\"}}',7,'2009-01-04 19:04:57'),(198,'wildpage',52,'{\"WildPage\":{\"title\":\"Home & Features\",\"content\":\"<ul id=\\\"home-feature-list\\\">\\n<li id=\\\"feature-cake\\\">Content management system and application platform build on <a href=\\\"http:\\/\\/www.cakephp.org\\\">CakePHP<\\/a> framework and <a href=\\\"http:\\/\\/jquery.com\\\">jQuery<\\/a> Javascript library.<\\/li>\\n<li id=\\\"feature-standards\\\">Standards based.<\\/li>\\n<li id=\\\"feature-open-source\\\">Open source.<\\/li>\\n<li>User friendly.<\\/li>\\n<li>Unit test coverage.<\\/li>\\n<li>It\'s a CakePHP plugin. Use with any existing CakePHP 1.2 application.<\\/li>\\n<li>Free bananas.<\\/li>\\n<li><a href=\\\"\\/feature-tour\\\">More features<\\/a><\\/li>\\n<\\/ul>\\n<p class=\\\"download\\\"><a href=\\\"http:\\/\\/wildflower.googlecode.com\\/files\\/wildflower10a.zip\\\"><strong>Download now<\\/strong><br \\/> Wildflower 1.0a, released 29th February 2008<\\/a><\\/p>\"}}',8,'2009-01-04 19:21:26'),(199,'wildpage',180,'{\"WildPage\":{\"title\":\"Copying\"}}',1,'2009-01-04 19:33:32'),(200,'wildpage',180,'{\"WildPage\":{\"title\":\"Copying\",\"content\":\"<ul id=\\\"home-feature-list\\\">\\n<li id=\\\"feature-cake\\\">Content management system and application platform build on <a href=\\\"http:\\/\\/www.cakephp.org\\\">CakePHP<\\/a> framework and <a href=\\\"http:\\/\\/jquery.com\\\">jQuery<\\/a> Javascript library.<\\/li>\\n<li id=\\\"feature-standards\\\">Standards based.<\\/li>\\n<li id=\\\"feature-open-source\\\">Open source.<\\/li>\\n<li>User friendly.<\\/li>\\n<li>Unit test coverage.<\\/li>\\n<li>It\'s a CakePHP plugin. Use with any existing CakePHP 1.2 application.<\\/li>\\n<li>Free bananas.<\\/li>\\n<li><a href=\\\"\\/feature-tour\\\">More features<\\/a><\\/li>\\n<\\/ul>\\n<p class=\\\"download\\\"><a href=\\\"http:\\/\\/wildflower.googlecode.com\\/files\\/wildflower10a.zip\\\"><strong>Download now<\\/strong><br \\/> Wildflower 1.0a, released 29th February 2008<\\/a><\\/p>\"}}',2,'2009-01-04 19:33:38'),(201,'wildpost',45,'{\"WildPost\":{\"title\":\"@todo: Children pages of home page have problem\"}}',1,'2009-01-04 19:36:59'),(202,'wildpage',52,'{\"WildPage\":{\"description_meta_tag\":\"Content management system and application platform build on CakePHP framework and jQuery Javascript library.\"}}',9,'2009-01-05 16:42:52'),(203,'wildpage',52,'{\"WildPage\":{\"title\":\"Home & Features\",\"content\":\"<ul id=\\\"home-feature-list\\\">\\n<li id=\\\"feature-cake\\\">Content management system and application platform build on <a href=\\\"http:\\/\\/www.cakephp.org\\\">CakePHP<\\/a> framework and <a href=\\\"http:\\/\\/jquery.com\\\">jQuery<\\/a> Javascript library.<\\/li>\\n<li id=\\\"feature-standards\\\">Standards based.<\\/li>\\n<li id=\\\"feature-open-source\\\">Open source.<\\/li>\\n<li>User friendly.<\\/li>\\n<li>Unit test coverage.<\\/li>\\n<li>It\'s a CakePHP plugin. Use with any existing CakePHP 1.2 application.<\\/li>\\n<li>Free bananas.<\\/li>\\n<li><a href=\\\"\\/feature-tour\\\">More features<\\/a><\\/li>\\n<\\/ul>\\n<p class=\\\"download\\\"><a href=\\\"http:\\/\\/wildflower.googlecode.com\\/files\\/wildflower10a.zip\\\"><strong>Download now<\\/strong><br \\/> Wildflower 1.0a, released 29th February 2008<\\/a><\\/p>\"}}',10,'2009-01-05 16:46:13'),(204,'wildpage',177,'{\"WildPage\":{\"title\":\"Bugs squashed\",\"content\":\"<p>sassaasasasdasdassadas da cxcscsaaee dasdas<\\/p>\"}}',2,'2009-01-05 16:53:26'),(205,'wildpage',116,'{\"WildPage\":{\"title\":\"TODOs & Enhancements\",\"content\":\"<ul>\\n<li>Add keyboard shortcuts - like alt-A go to index...etc.<\\/li>\\n<li>Shift click on list to select more items<\\/li>\\n<li>Pages list drag and drop<\\/li>\\n<li>JLM compression<\\/li>\\n<li>File manager folders<\\/li>\\n<li>Ability to add favourite post\\/pages to sidebar under All Pages for quick access<\\/li>\\n<\\/ul>\\n<p><img src=\\\"\\/wildflower\\/img\\/thumb\\/The_night_is_coming-1400x1050.jpg\\/120\\/120\\/1\\\" alt=\\\"\\\" \\/><\\/p>\"}}',6,'2009-01-05 16:58:20'),(206,'wildpost',46,'{\"WildPost\":{\"title\":\"New post - add some comments\"}}',1,'2009-01-05 20:37:40'),(207,'wildpost',46,'{\"WildPost\":[]}',2,'2009-01-05 20:37:47'),(208,'wildpost',46,'{\"WildPost\":{\"title\":\"New post - add some comments\",\"content\":\"\"}}',3,'2009-01-05 20:37:59'),(209,'wildpost',46,'{\"WildPost\":{\"title\":\"About Cake\'s counter cache\",\"content\":\"<p>This function helps you cache the count of related data. Instead of counting the records manually via find(\'count\'), the model itself tracks any addition\\/deleting towards the associated $hasMany model and increases\\/decreases a dedicated integer field within the parent model table.<\\/p>\\n<p>The name of the field consists of the singular model name followed by a underscore and the word \\\"count\\\".<\\/p>\\n<p>Let\'s say you have a model called \\\"ImageAlbum\\\" and a model called \\\"Image\\\", you would add an INT-field to the \\\"image_album\\\" table and name it \\\"image_count\\\". Or if your names are more complex, here is another example: With \\\"BlogEntry\\\" and \\\"BlogEntryComment\\\", the name of the field would be \\\"blog_entry_comment_count\\\" and needs to be added to \\\"blog_entries\\\".<\\/p>\\n<p>Once you have added the counter field you are good to activate this functionality by adding the \\\"counterCache\\\" key to the \\\"$belongsTo\\\" association array and set the value to \\\"true\\\".<\\/p>\"}}',4,'2009-01-05 20:39:02'),(210,'wildpost',19,'{\"WildPost\":{\"title\":\"@todo: Investigate Auth cookie expire time\",\"content\":\"<p>123 saddsa<\\/p>\"}}',6,'2009-01-05 21:05:24'),(211,'wildpage',180,'{\"WildPage\":{\"title\":\"Copying\",\"content\":\"<ul id=\\\"home-feature-list\\\">\\r\\n<li id=\\\"feature-cake\\\">Content management system and application platform build on <a href=\\\"http:\\/\\/www.cakephp.org\\\">CakePHP<\\/a> framework and <a href=\\\"http:\\/\\/jquery.com\\\">jQuery<\\/a> Javascript library.<\\/li>\\r\\n<li id=\\\"feature-standards\\\">Standards based.<\\/li>\\r\\n<li id=\\\"feature-open-source\\\">Open source.<\\/li>\\r\\n<li>User friendly.<\\/li>\\r\\n<li>Unit test coverage.<\\/li>\\r\\n<li>It\'s a CakePHP plugin. Use with any existing CakePHP 1.2 application.<\\/li>\\r\\n<li>Free bananas.<\\/li>\\r\\n<li><a href=\\\"\\/feature-tour\\\">More features<\\/a><\\/li>\\r\\n<li>sadasd<\\/li>\\r\\n<\\/ul>\\r\\n<p class=\\\"download\\\"><a href=\\\"http:\\/\\/wildflower.googlecode.com\\/files\\/wildflower10a.zip\\\"><strong>Download now<\\/strong><br \\/>Wildflower 1.0a, released 29th February 2008<\\/a><\\/p>\"}}',3,'2009-01-07 14:39:25'),(212,'wildpage',181,'{\"WildPage\":{\"title\":\"Children of Home page should work from now on\"}}',1,'2009-01-07 15:06:03'),(213,'wildpage',182,'{\"WildPage\":{\"title\":\"...and their children too\"}}',1,'2009-01-07 15:06:23'),(214,'wildpage',183,'{\"WildPage\":{\"title\":\"child of home\"}}',1,'2009-01-07 15:15:39'),(215,'wildpage',183,'{\"WildPage\":{\"title\":\"child of home\",\"content\":\"\"}}',2,'2009-01-07 15:15:43'),(216,'wildpage',183,'{\"WildPage\":{\"title\":\"child of home\",\"content\":\"<p>ola ola ola<\\/p>\"}}',3,'2009-01-07 15:15:57'),(217,'wildpage',184,'{\"WildPage\":{\"title\":\"child of child of home\"}}',1,'2009-01-07 15:16:15'),(218,'wildpage',184,'{\"WildPage\":{\"title\":\"child of child of home\",\"content\":\"<p>lorem<\\/p>\"}}',2,'2009-01-07 15:16:21'),(219,'wildpage',64,'{\"WildPage\":{\"description_meta_tag\":\"\"}}',4,'2009-01-07 15:17:10'),(220,'wildpage',176,'{\"WildPage\":{\"title\":\"Portfolio\",\"content\":\"<h2>Portfolio<\\/h2>\\n<p>My specialization is <em>PHP <\\/em>&amp;<em> MySQL<\\/em> application development. I love creating semantic <em>(X)HTML\\/CSS<\\/em> templates and have solid background in <em>web graphics<\\/em>. I work a lot with <em>Javascript<\\/em> and various AJAX implementations.<\\/p>\\n<h3>Wildflower CMS<\\/h3>\\n<p><a title=\\\"files-manager.jpg\\\" rel=\\\"lightbox\\\" href=\\\"http:\\/\\/www.klevo.sk\\/uploads\\/files-manager.jpg\\\"><img src=\\\"http:\\/\\/www.klevo.sk\\/uploads\\/files-manager.thumbnail.jpg\\\" alt=\\\"files-manager.jpg\\\" \\/><\\/a> <a title=\\\"page-edit.jpg\\\" rel=\\\"lightbox\\\" href=\\\"http:\\/\\/www.klevo.sk\\/uploads\\/page-edit.jpg\\\"><img src=\\\"http:\\/\\/www.klevo.sk\\/uploads\\/page-edit.thumbnail.jpg\\\" alt=\\\"page-edit.jpg\\\" \\/><\\/a><\\/p>\\n<p><strong>Description<\\/strong>: I&rsquo;ve build this content management system and application platform to ease and enhance the process I build websites. The biggest asset is the user and developer friendly oriented design of the whole system. And it&rsquo;s open source.<\\/p>\\n<p><strong>Link<\\/strong>: <a href=\\\"http:\\/\\/wf.klevo.sk\\/\\\">wf.klevo.sk<\\/a><\\/p>\\n<h3>Orkney Crofts<\\/h3>\\n<p><a title=\\\"orkney_home_resize.png\\\" rel=\\\"lightbox\\\" href=\\\"http:\\/\\/www.klevo.sk\\/uploads\\/orkney_home_resize.png\\\"><img src=\\\"http:\\/\\/www.klevo.sk\\/uploads\\/orkney_home_resize.thumbnail.png\\\" alt=\\\"orkney_home_resize.png\\\" \\/><\\/a> <a title=\\\"orkney-booking.png\\\" rel=\\\"lightbox\\\" href=\\\"http:\\/\\/www.klevo.sk\\/uploads\\/orkney-booking.png\\\"><img src=\\\"http:\\/\\/www.klevo.sk\\/uploads\\/orkney-booking.thumbnail.png\\\" alt=\\\"orkney-booking.png\\\" \\/><\\/a><\\/p>\\n<p><strong>Description<\\/strong>: Site presenting a luxurious accommodation at Orkney islands. Contains a booking system. It&rsquo;s build on my new CakePHP CMS - <a href=\\\"http:\\/\\/wf.klevo.sk\\/\\\">Wildflower<\\/a>.<\\/p>\\n<p><strong>Link<\\/strong>: <a href=\\\"http:\\/\\/www.orkneycrofts.com\\/\\\">www.orkneycrofts.com<\\/a><\\/p>\\n<h3>Chatbox<\\/h3>\\n<p><a title=\\\"Chatbox customize page\\\" rel=\\\"lightbox\\\" href=\\\"http:\\/\\/www.klevo.sk\\/uploads\\/chatcreator1.jpg\\\"><img src=\\\"http:\\/\\/www.klevo.sk\\/uploads\\/chatcreator1.thumbnail.jpg\\\" alt=\\\"Chatbox customize page\\\" \\/><\\/a> <a title=\\\"Chatbox done page\\\" rel=\\\"lightbox\\\" href=\\\"http:\\/\\/www.klevo.sk\\/uploads\\/chatcreator2.jpg\\\"><img src=\\\"http:\\/\\/www.klevo.sk\\/uploads\\/chatcreator2.thumbnail.jpg\\\" alt=\\\"Chatbox done page\\\" \\/><\\/a><\\/p>\\n<p><strong>Description<\\/strong>: Chat application that can be embeded in any web page. Build on <a href=\\\"http:\\/\\/cakephp.org\\/\\\">CakePHP<\\/a> and <a href=\\\"http:\\/\\/jquery.com\\/\\\">JQuery<\\/a>. This project no longer exists. I&rsquo;ll probably release the code under some open source license.<\\/p>\"}}',5,'2009-01-14 10:14:03'),(221,'wildpage',176,'{\"WildPage\":{\"description_meta_tag\":\"\"}}',6,'2009-01-14 10:14:19'),(222,'wildpost',46,'{\"WildPost\":[]}',5,'2009-01-14 16:21:39'),(223,'wildpage',185,'{\"WildPage\":{\"title\":\"New home page\"}}',1,'2009-01-14 16:25:39'),(224,'wildpage',185,'{\"WildPage\":{\"title\":\"New home page\",\"content\":\"<p>Home content.<\\/p>\"}}',2,'2009-01-14 16:25:48'),(225,'wildpost',47,'{\"WildPost\":[]}',1,'2009-01-14 22:00:34'),(226,'wildpage',186,'{\"WildPage\":{\"title\":\"New articles for 2009\"}}',1,'2009-01-14 22:13:41'),(227,'wildpage',186,'{\"WildPage\":{\"title\":\"New articles for 2009\",\"content\":\"<p>I won\'t to write about..<\\/p>\\n<p>This is a really cool editor.<\\/p>\"}}',2,'2009-01-14 22:14:02'),(228,'wildpage',179,'{\"WildPage\":{\"title\":\"Model tweaks\",\"content\":\"<p><img src=\\\"\\/wildflower\\/uploads\\/company-image.jpg\\\" alt=\\\"company-image.jpg\\\" \\/>. Wicked.<\\/p>\"}}',2,'2009-01-19 04:30:00'),(229,'wildpage',187,'{\"WildPage\":{\"title\":\"\"}}',1,'2009-01-19 04:36:55'),(230,'wildpage',188,'{\"WildPage\":{\"title\":\"@todo: Empty title pages support\"}}',1,'2009-01-19 04:37:52'),(231,'wildpost',48,'{\"WildPost\":[]}',1,'2009-01-19 04:44:44'),(232,'wildpage',189,'{\"WildPage\":{\"title\":\"Documentation\"}}',1,'2009-01-19 04:57:28'),(233,'wildpage',189,'{\"WildPage\":{\"title\":\"Documentation\",\"content\":\"\"}}',2,'2009-01-19 04:57:33'),(234,'wildpage',190,'{\"WildPage\":{\"title\":\"Feature tour\"}}',1,'2009-01-19 05:03:37'),(235,'wildpage',185,'{\"WildPage\":{\"title\":\"Home page\",\"content\":\"<div class=\\\"summary\\\">\\n<p>You can take advantage of themes, making it easy to switch the look and feel of your page quickly and easily.<\\/p>\\n<p>To use themes, you need to tell your controller to use the ThemeView class instead of the default View class.<\\/p>\\n<a class=\\\"codeToggle\\\" href=\\\"http:\\/\\/book.cakephp.org\\/view\\/488\\/Themes#\\\">Plain Text View<\\/a>\\n<pre class=\\\"code\\\">class ExampleController extends AppController {<br \\/>    var $view = \'Theme\';<br \\/>}<br \\/><\\/pre>\\n<ol class=\\\"code\\\">\\n<li><code><span class=\\\"keyword\\\">class <\\/span><span class=\\\"default\\\">ExampleController <\\/span><span class=\\\"keyword\\\">extends <\\/span><span class=\\\"default\\\">AppController <\\/span><span class=\\\"keyword\\\">{<\\/span><\\/code><\\/li>\\n<li class=\\\"even\\\"><code><span class=\\\"keyword\\\"> var <\\/span><span class=\\\"default\\\">$view <\\/span><span class=\\\"keyword\\\">= <\\/span><span class=\\\"string\\\">\'Theme\'<\\/span><span class=\\\"keyword\\\">;<\\/span><\\/code><\\/li>\\n<li><code><span class=\\\"keyword\\\">}<\\/span><\\/code><\\/li>\\n<\\/ol>\\n<p>To declare which theme to use by default, specify the theme name in your controller.<\\/p>\\n<a class=\\\"codeToggle\\\" href=\\\"http:\\/\\/book.cakephp.org\\/view\\/488\\/Themes#\\\">Plain Text View<\\/a>\\n<pre class=\\\"code\\\">class ExampleController extends AppController {<br \\/>    var $view = \'Theme\';<br \\/>    var $theme = \'example\';<br \\/>}<br \\/><\\/pre>\\n<ol class=\\\"code\\\">\\n<li><code><span class=\\\"keyword\\\">class <\\/span><span class=\\\"default\\\">ExampleController <\\/span><span class=\\\"keyword\\\">extends <\\/span><span class=\\\"default\\\">AppController <\\/span><span class=\\\"keyword\\\">{<\\/span><\\/code><\\/li>\\n<li class=\\\"even\\\"><code><span class=\\\"keyword\\\"> var <\\/span><span class=\\\"default\\\">$view <\\/span><span class=\\\"keyword\\\">= <\\/span><span class=\\\"string\\\">\'Theme\'<\\/span><span class=\\\"keyword\\\">;<\\/span><\\/code><\\/li>\\n<li><code><span class=\\\"keyword\\\"> var <\\/span><span class=\\\"default\\\">$theme <\\/span><span class=\\\"keyword\\\">= <\\/span><span class=\\\"string\\\">\'example\'<\\/span><span class=\\\"keyword\\\">;<\\/span><\\/code><\\/li>\\n<li class=\\\"even\\\"><code><span class=\\\"keyword\\\">}<\\/span><\\/code><\\/li>\\n<\\/ol>\\n<p>You can also set or change the theme name within an action or within the <code>beforeFilter<\\/code> or <code>beforeRender<\\/code> callback functions.<\\/p>\\n<a class=\\\"codeToggle\\\" href=\\\"http:\\/\\/book.cakephp.org\\/view\\/488\\/Themes#\\\">Plain Text View<\\/a>\\n<pre class=\\\"code\\\">$this-&gt;theme = \'another_example\';<br \\/><\\/pre>\\n<ol class=\\\"code\\\">\\n<li><code><span class=\\\"default\\\">$this<\\/span><span class=\\\"keyword\\\">-&gt;<\\/span><span class=\\\"default\\\">theme <\\/span><span class=\\\"keyword\\\">= <\\/span><span class=\\\"string\\\">\'another_example\'<\\/span><span class=\\\"keyword\\\">;<\\/span><\\/code><\\/li>\\n<\\/ol>\\n<p>Theme view files need to be within the \\/app\\/views\\/themed\\/ folder. Within the themed folder, create a folder using the same name as your theme name. Beyond that, the folder structure within the \\/app\\/views\\/themed\\/example\\/ folder is exactly the same as \\/app\\/views\\/.<\\/p>\\n<p>For example, the view file for an edit action of a Posts controller would reside at \\/app\\/views\\/themed\\/example\\/posts\\/edit.ctp. Layout files would reside in \\/app\\/views\\/themed\\/example\\/layouts\\/.<\\/p>\\n<p>If a view file can\'t be found in the theme, CakePHP will try to locate the view file in the \\/app\\/views\\/ folder. This way, you can create master view files and simply override them on a case-by-case basis within your theme folder.<\\/p>\\n<p>If you have CSS or JavaScript files that are specific to your theme, you can store them in a themed folder within webroot. For example, your stylesheets would be stored in \\/app\\/webroot\\/themed\\/example\\/css\\/ and your JavaScript files would be stored in \\/app\\/webroot\\/themed\\/example\\/js\\/.<\\/p>\\n<p>All of CakePHP\'s built-in helpers are aware of themes and will create the correct paths automatically. Like view files, if a file isn\'t in the theme folder, it\'ll default to the main webroot folder.<\\/p>\\n<\\/div>\"}}',3,'2009-01-19 05:12:53');
/*!40000 ALTER TABLE `wild_revisions` ENABLE KEYS */;
UNLOCK TABLES;

--
-- Table structure for table `wild_users`
--

DROP TABLE IF EXISTS `wild_users`;
SET @saved_cs_client     = @@character_set_client;
SET character_set_client = utf8;
CREATE TABLE `wild_users` (
  `id` int(11) NOT NULL auto_increment,
  `login` varchar(255) collate utf8_unicode_ci NOT NULL,
  `password` char(40) collate utf8_unicode_ci NOT NULL,
  `email` varchar(255) collate utf8_unicode_ci NOT NULL,
  `name` varchar(255) collate utf8_unicode_ci default NULL,
  `cookie_token` varchar(255) collate utf8_unicode_ci default NULL,
  `created` datetime NOT NULL,
  `updated` datetime NOT NULL,
  PRIMARY KEY  (`id`),
  KEY `cookie` (`cookie_token`)
) ENGINE=MyISAM AUTO_INCREMENT=15 DEFAULT CHARSET=utf8 COLLATE=utf8_unicode_ci;
SET character_set_client = @saved_cs_client;

--
-- Dumping data for table `wild_users`
--

LOCK TABLES `wild_users` WRITE;
/*!40000 ALTER TABLE `wild_users` DISABLE KEYS */;
INSERT INTO `wild_users` VALUES (1,'admin','e569c558b6119c2948d97ff3bffd87423f75c2b1','admin@localhost.sk','Mr Admin','ffa7a2a7add3fd81047d434048b2ae55b5d407c8','2008-07-11 14:24:43','2009-01-07 15:05:41'),(14,'klevo','db2bc4425d03d00d4b88d6691c6d078a18785ec8','info@klevo.sk','Klevo','','2009-01-01 13:08:27','2009-01-01 13:11:45');
/*!40000 ALTER TABLE `wild_users` ENABLE KEYS */;
UNLOCK TABLES;
/*!40103 SET TIME_ZONE=@OLD_TIME_ZONE */;

/*!40101 SET SQL_MODE=@OLD_SQL_MODE */;
/*!40014 SET FOREIGN_KEY_CHECKS=@OLD_FOREIGN_KEY_CHECKS */;
/*!40014 SET UNIQUE_CHECKS=@OLD_UNIQUE_CHECKS */;
/*!40101 SET CHARACTER_SET_CLIENT=@OLD_CHARACTER_SET_CLIENT */;
/*!40101 SET CHARACTER_SET_RESULTS=@OLD_CHARACTER_SET_RESULTS */;
/*!40101 SET COLLATION_CONNECTION=@OLD_COLLATION_CONNECTION */;
/*!40111 SET SQL_NOTES=@OLD_SQL_NOTES */;

-- Dump completed on 2009-01-19  4:13:15
